Position,Name + ID,Name,ID,Roster Position,Salary,Game Info,TeamAbbrev,AvgPointsPerGame
RB,Jonathan Taylor (40857558),Jonathan Taylor,40857558,RB/FLEX,10000,IND@KC 11/23/2025 01:00PM ET,IND,28.89
RB,Christian McCaffrey (40857263),Christian McCaffrey,40857263,RB/FLEX,9500,CAR@SF 11/24/2025 08:15PM ET,SF,26.36
WR,Jaxon Smith-Njigba (40857968),Jaxon Smith-Njigba,40857968,WR/FLEX,9000,SEA@TEN 11/23/2025 01:00PM ET,SEA,23.99
WR,Puka Nacua (40857785),Puka Nacua,40857785,WR/FLEX,8800,TB@LAR 11/23/2025 08:20PM ET,LAR,22.59
RB,Bijan Robinson (40858045),Bijan Robinson,40858045,RB/FLEX,8500,ATL@NO 11/23/2025 04:25PM ET,ATL,22.59
RB,Jahmyr Gibbs (40857974),Jahmyr Gibbs,40857974,RB/FLEX,8300,NYG@DET 11/23/2025 01:00PM ET,DET,21.26
WR,Ja'Marr Chase (40857624),Ja'Marr Chase,40857624,WR/FLEX,8100,NE@CIN 11/23/2025 01:00PM ET,CIN,20.67
WR,Amon-Ra St. Brown (40857730),Amon-Ra St. Brown,40857730,WR/FLEX,8000,NYG@DET 11/23/2025 01:00PM ET,DET,19.44
WR,CeeDee Lamb (40857542),CeeDee Lamb,40857542,WR/FLEX,7900,PHI@DAL 11/23/2025 04:25PM ET,DAL,16.7
RB,Josh Jacobs (40857429),Josh Jacobs,40857429,RB/FLEX,7800,MIN@GB 11/23/2025 01:00PM ET,GB,18.15
WR,Rashee Rice (40857874),Rashee Rice,40857874,WR/FLEX,7700,IND@KC 11/23/2025 01:00PM ET,KC,19.28
RB,Derrick Henry (40857197),Derrick Henry,40857197,RB/FLEX,7600,NYJ@BAL 11/23/2025 01:00PM ET,BAL,15.11
RB,Saquon Barkley (40857341),Saquon Barkley,40857341,RB/FLEX,7500,PHI@DAL 11/23/2025 04:25PM ET,PHI,15.39
WR,Justin Jefferson (40857578),Justin Jefferson,40857578,WR/FLEX,7400,MIN@GB 11/23/2025 01:00PM ET,MIN,14.91
WR,Drake London (40857901),Drake London,40857901,WR/FLEX,7300,ATL@NO 11/23/2025 04:25PM ET,ATL,21.44
WR,Tee Higgins (40857481),Tee Higgins,40857481,WR/FLEX,7100,NE@CIN 11/23/2025 01:00PM ET,CIN,13.64
RB,Rico Dowdle (40857421),Rico Dowdle,40857421,RB/FLEX,7100,CAR@SF 11/24/2025 08:15PM ET,CAR,15.54
WR,Davante Adams (40857166),Davante Adams,40857166,WR/FLEX,7000,TB@LAR 11/23/2025 08:20PM ET,LAR,16.29
RB,Bucky Irving (40858175),Bucky Irving,40858175,RB/FLEX,7000,TB@LAR 11/23/2025 08:20PM ET,TB,19
QB,Drake Maye (40858146),Drake Maye,40858146,QB,6900,NE@CIN 11/23/2025 01:00PM ET,NE,20.92
WR,George Pickens (40857856),George Pickens,40857856,WR/FLEX,6900,PHI@DAL 11/23/2025 04:25PM ET,DAL,19.98
QB,Patrick Mahomes (40857291),Patrick Mahomes,40857291,QB,6800,IND@KC 11/23/2025 01:00PM ET,KC,22.88
TE,Trey McBride (40857608),Trey McBride,40857608,TE/FLEX,6800,JAX@ARI 11/23/2025 04:05PM ET,ARI,19.08
RB,Kyren Williams (40857833),Kyren Williams,40857833,RB/FLEX,6800,TB@LAR 11/23/2025 08:20PM ET,LAR,17.12
QB,Lamar Jackson (40857319),Lamar Jackson,40857319,QB,6700,NYJ@BAL 11/23/2025 01:00PM ET,BAL,20.61
RB,TreVeyon Henderson (40858173),TreVeyon Henderson,40858173,RB/FLEX,6700,NE@CIN 11/23/2025 01:00PM ET,NE,11.79
WR,Emeka Egbuka (40858168),Emeka Egbuka,40858168,WR/FLEX,6700,TB@LAR 11/23/2025 08:20PM ET,TB,16.46
RB,Jaylen Warren (40857887),Jaylen Warren,40857887,RB/FLEX,6600,PIT@CHI 11/23/2025 01:00PM ET,PIT,13.5
QB,Jalen Hurts (40857385),Jalen Hurts,40857385,QB,6600,PHI@DAL 11/23/2025 04:25PM ET,PHI,20.63
WR,Stefon Diggs (40857183),Stefon Diggs,40857183,WR/FLEX,6500,NE@CIN 11/23/2025 01:00PM ET,NE,13.81
QB,Joe Burrow (40857324),Joe Burrow,40857324,QB,6500,NE@CIN 11/23/2025 01:00PM ET,CIN,7.93
RB,Javonte Williams (40857606),Javonte Williams,40857606,RB/FLEX,6500,PHI@DAL 11/23/2025 04:25PM ET,DAL,17.42
QB,Dak Prescott (40857145),Dak Prescott,40857145,QB,6400,PHI@DAL 11/23/2025 04:25PM ET,DAL,20.62
WR,Chris Olave (40857676),Chris Olave,40857676,WR/FLEX,6400,ATL@NO 11/23/2025 04:25PM ET,NO,15.21
WR,Zay Flowers (40857893),Zay Flowers,40857893,WR/FLEX,6300,NYJ@BAL 11/23/2025 01:00PM ET,BAL,13.44
RB,Ashton Jeanty (40858245),Ashton Jeanty,40858245,RB/FLEX,6300,CLE@LV 11/23/2025 04:05PM ET,LV,14.47
QB,Matthew Stafford (40857123),Matthew Stafford,40857123,QB,6300,TB@LAR 11/23/2025 08:20PM ET,LAR,21.14
RB,Chase Brown (40857686),Chase Brown,40857686,RB/FLEX,6200,NE@CIN 11/23/2025 01:00PM ET,CIN,13.68
QB,Daniel Jones (40857326),Daniel Jones,40857326,QB,6200,IND@KC 11/23/2025 01:00PM ET,IND,20.87
WR,Brian Thomas Jr. (40858128),Brian Thomas Jr.,40858128,WR/FLEX,6200,JAX@ARI 11/23/2025 04:05PM ET,JAX,10.7
RB,Breece Hall (40857787),Breece Hall,40857787,RB/FLEX,6100,NYJ@BAL 11/23/2025 01:00PM ET,NYJ,14.90
WR,Rome Odunze (40857955),Rome Odunze,40857955,WR/FLEX,6100,PIT@CHI 11/23/2025 01:00PM ET,CHI,14.1
QB,Baker Mayfield (40857227),Baker Mayfield,40857227,QB,6100,TB@LAR 11/23/2025 08:20PM ET,TB,18.83
QB,Jared Goff (40857196),Jared Goff,40857196,QB,6000,NYG@DET 11/23/2025 01:00PM ET,DET,18.58
WR,Michael Pittman Jr. (40857373),Michael Pittman Jr.,40857373,WR/FLEX,6000,IND@KC 11/23/2025 01:00PM ET,IND,15.3
TE,Brock Bowers (40858118),Brock Bowers,40858118,TE/FLEX,6000,CLE@LV 11/23/2025 04:05PM ET,LV,15.81
RB,Quinshon Judkins (40858259),Quinshon Judkins,40858259,RB/FLEX,6000,CLE@LV 11/23/2025 04:05PM ET,CLE,12.89
RB,Travis Etienne Jr. (40857479),Travis Etienne Jr.,40857479,RB/FLEX,5900,JAX@ARI 11/23/2025 04:05PM ET,JAX,14.89
WR,A.J. Brown (40857431),A.J. Brown,40857431,WR/FLEX,5900,PHI@DAL 11/23/2025 04:25PM ET,PHI,11.97
QB,Brock Purdy (40857663),Brock Purdy,40857663,QB,5900,CAR@SF 11/24/2025 08:15PM ET,SF,20.58
WR,Tetairoa McMillan (40858247),Tetairoa McMillan,40858247,WR/FLEX,5900,CAR@SF 11/24/2025 08:15PM ET,CAR,14.44
RB,Tyrone Tracy Jr. (40857620),Tyrone Tracy Jr.,40857620,RB/FLEX,5800,NYG@DET 11/23/2025 01:00PM ET,NYG,7.93
QB,Jordan Love (40857379),Jordan Love,40857379,QB,5800,MIN@GB 11/23/2025 01:00PM ET,GB,17.63
WR,Marvin Harrison Jr. (40858171),Marvin Harrison Jr.,40858171,WR/FLEX,5800,JAX@ARI 11/23/2025 04:05PM ET,ARI,12.5
QB,Caleb Williams (40858141),Caleb Williams,40858141,QB,5700,PIT@CHI 11/23/2025 01:00PM ET,CHI,19.66
WR,Jameson Williams (40857879),Jameson Williams,40857879,WR/FLEX,5700,NYG@DET 11/23/2025 01:00PM ET,DET,12.42
RB,Aaron Jones Sr. (40857210),Aaron Jones Sr.,40857210,RB/FLEX,5700,MIN@GB 11/23/2025 01:00PM ET,MIN,10.3
RB,Rachaad White (40858064),Rachaad White,40858064,RB/FLEX,5700,TB@LAR 11/23/2025 08:20PM ET,TB,10.4
RB,D'Andre Swift (40857581),D'Andre Swift,40857581,RB/FLEX,5600,PIT@CHI 11/23/2025 01:00PM ET,CHI,15.82
QB,Jaxson Dart (40858136),Jaxson Dart,40858136,QB,5600,NYG@DET 11/23/2025 01:00PM ET,NYG,18.38
WR,DeVonta Smith (40857529),DeVonta Smith,40857529,WR/FLEX,5600,PHI@DAL 11/23/2025 04:25PM ET,PHI,13.95
RB,Kenneth Gainwell (40857754),Kenneth Gainwell,40857754,RB/FLEX,5500,PIT@CHI 11/23/2025 01:00PM ET,PIT,10.98
QB,Joe Flacco (40857119),Joe Flacco,40857119,QB,5500,NE@CIN 11/23/2025 01:00PM ET,CIN,17.06
WR,Wan'Dale Robinson (40857809),Wan'Dale Robinson,40857809,WR/FLEX,5500,NYG@DET 11/23/2025 01:00PM ET,NYG,12.36
TE,Tyler Warren (40858060),Tyler Warren,40858060,TE/FLEX,5500,IND@KC 11/23/2025 01:00PM ET,IND,13.63
RB,Alvin Kamara (40857233),Alvin Kamara,40857233,RB/FLEX,5500,ATL@NO 11/23/2025 04:25PM ET,NO,9.92
RB,Sean Tucker (40858051),Sean Tucker,40858051,RB/FLEX,5500,TB@LAR 11/23/2025 08:20PM ET,TB,6.65
WR,Jordan Addison (40857980),Jordan Addison,40857980,WR/FLEX,5400,MIN@GB 11/23/2025 01:00PM ET,MIN,13.54
QB,Sam Darnold (40857327),Sam Darnold,40857327,QB,5400,SEA@TEN 11/23/2025 01:00PM ET,SEA,16.66
RB,Kenneth Walker III (40857799),Kenneth Walker III,40857799,RB/FLEX,5400,SEA@TEN 11/23/2025 01:00PM ET,SEA,11.43
RB,Trey Benson (40858093),Trey Benson,40858093,RB/FLEX,5400,JAX@ARI 11/23/2025 04:05PM ET,ARI,8.85
WR,DK Metcalf (40857433),DK Metcalf,40857433,WR/FLEX,5300,PIT@CHI 11/23/2025 01:00PM ET,PIT,12.51
RB,David Montgomery (40857437),David Montgomery,40857437,RB/FLEX,5300,NYG@DET 11/23/2025 01:00PM ET,DET,11.40
RB,Emanuel Wilson (40858288),Emanuel Wilson,40858288,RB/FLEX,5300,MIN@GB 11/23/2025 01:00PM ET,GB,4.79
QB,Jacoby Brissett (40857163),Jacoby Brissett,40857163,QB,5300,JAX@ARI 11/23/2025 04:05PM ET,ARI,16.97
TE,Jake Ferguson (40857556),Jake Ferguson,40857556,TE/FLEX,5300,PHI@DAL 11/23/2025 04:25PM ET,DAL,14.1
QB,Aaron Rodgers (40857118),Aaron Rodgers,40857118,QB,5200,PIT@CHI 11/23/2025 01:00PM ET,PIT,15.24
RB,Rhamondre Stevenson (40857876),Rhamondre Stevenson,40857876,RB/FLEX,5200,NE@CIN 11/23/2025 01:00PM ET,NE,9.72
RB,Jordan Mason (40857644),Jordan Mason,40857644,RB/FLEX,5200,MIN@GB 11/23/2025 01:00PM ET,MIN,9.73
WR,Parker Washington (40858058),Parker Washington,40858058,WR/FLEX,5200,JAX@ARI 11/23/2025 04:05PM ET,JAX,8.95
WR,Chris Godwin Jr. (40857270),Chris Godwin Jr.,40857270,WR/FLEX,5200,TB@LAR 11/23/2025 08:20PM ET,TB,5.6
TE,George Kittle (40857201),George Kittle,40857201,TE/FLEX,5200,CAR@SF 11/24/2025 08:15PM ET,SF,13.63
QB,Bryce Young (40857941),Bryce Young,40857941,QB,5200,CAR@SF 11/24/2025 08:15PM ET,CAR,14.58
RB,Kyle Monangai (40858095),Kyle Monangai,40858095,RB/FLEX,5100,PIT@CHI 11/23/2025 01:00PM ET,CHI,8.2
RB,Kareem Hunt (40857225),Kareem Hunt,40857225,RB/FLEX,5100,IND@KC 11/23/2025 01:00PM ET,KC,9.39
QB,Trevor Lawrence (40857632),Trevor Lawrence,40857632,QB,5100,JAX@ARI 11/23/2025 04:05PM ET,JAX,16.81
WR,Tre Tucker (40857815),Tre Tucker,40857815,WR/FLEX,5100,CLE@LV 11/23/2025 04:05PM ET,LV,12.48
WR,Ricky Pearsall (40857772),Ricky Pearsall,40857772,WR/FLEX,5100,CAR@SF 11/24/2025 08:15PM ET,SF,11.86
WR,Kayshon Boutte (40857944),Kayshon Boutte,40857944,WR/FLEX,5000,NE@CIN 11/23/2025 01:00PM ET,NE,11.01
QB,J.J. McCarthy (40858155),J.J. McCarthy,40858155,QB,5000,MIN@GB 11/23/2025 01:00PM ET,MIN,14.74
TE,Travis Kelce (40857128),Travis Kelce,40857128,TE/FLEX,5000,IND@KC 11/23/2025 01:00PM ET,KC,13.91
RB,Isiah Pacheco (40857589),Isiah Pacheco,40857589,RB/FLEX,5000,IND@KC 11/23/2025 01:00PM ET,KC,7.52
WR,Alec Pierce (40857593),Alec Pierce,40857593,WR/FLEX,5000,IND@KC 11/23/2025 01:00PM ET,IND,11.94
RB,Tony Pollard (40857330),Tony Pollard,40857330,RB/FLEX,5000,SEA@TEN 11/23/2025 01:00PM ET,TEN,9.69
WR,DJ Moore (40857320),DJ Moore,40857320,WR/FLEX,4900,PIT@CHI 11/23/2025 01:00PM ET,CHI,9.39
WR,Romeo Doubs (40857680),Romeo Doubs,40857680,WR/FLEX,4900,MIN@GB 11/23/2025 01:00PM ET,GB,11.49
RB,Zach Charbonnet (40857801),Zach Charbonnet,40857801,RB/FLEX,4900,SEA@TEN 11/23/2025 01:00PM ET,SEA,9.63
RB,Zonovan Knight (40857795),Zonovan Knight,40857795,RB/FLEX,4900,JAX@ARI 11/23/2025 04:05PM ET,ARI,7.09
QB,Michael Penix Jr. (40857599),Michael Penix Jr.,40857599,QB,4900,ATL@NO 11/23/2025 04:25PM ET,ATL,14.25
WR,Jauan Jennings (40857312),Jauan Jennings,40857312,WR/FLEX,4900,CAR@SF 11/24/2025 08:15PM ET,SF,9.87
QB,Mac Jones (40857446),Mac Jones,40857446,QB,4900,CAR@SF 11/24/2025 08:15PM ET,SF,16.35
QB,Justin Fields (40857629),Justin Fields,40857629,QB,4800,NYJ@BAL 11/23/2025 01:00PM ET,NYJ,16.30
RB,Devin Singletary (40857389),Devin Singletary,40857389,RB/FLEX,4800,NYG@DET 11/23/2025 01:00PM ET,NYG,4.48
RB,Chris Brooks (40857724),Chris Brooks,40857724,RB/FLEX,4800,MIN@GB 11/23/2025 01:00PM ET,GB,1.34
WR,Michael Wilson (40857695),Michael Wilson,40857695,WR/FLEX,4800,JAX@ARI 11/23/2025 04:05PM ET,ARI,8.76
WR,Darnell Mooney (40857377),Darnell Mooney,40857377,WR/FLEX,4800,ATL@NO 11/23/2025 04:25PM ET,ATL,4.8
WR,Brandon Aiyuk (40857595),Brandon Aiyuk,40857595,WR/FLEX,4800,CAR@SF 11/24/2025 08:15PM ET,SF,0
QB,Mason Rudolph (40857257),Mason Rudolph,40857257,QB,4700,PIT@CHI 11/23/2025 01:00PM ET,PIT,3.15
RB,Terrell Jennings (40857931),Terrell Jennings,40857931,RB/FLEX,4700,NE@CIN 11/23/2025 01:00PM ET,NE,3.04
WR,Xavier Worthy (40858229),Xavier Worthy,40858229,WR/FLEX,4700,IND@KC 11/23/2025 01:00PM ET,KC,8.55
RB,Tyjae Spears (40857847),Tyjae Spears,40857847,RB/FLEX,4700,SEA@TEN 11/23/2025 01:00PM ET,TEN,8.7
WR,Jakobi Meyers (40857328),Jakobi Meyers,40857328,WR/FLEX,4700,JAX@ARI 11/23/2025 04:05PM ET,JAX,9.63
RB,Isaiah Davis (40858099),Isaiah Davis,40858099,RB/FLEX,4600,NYJ@BAL 11/23/2025 01:00PM ET,NYJ,4.18
QB,Jameis Winston (40857179),Jameis Winston,40857179,QB,4600,NYG@DET 11/23/2025 01:00PM ET,NYG,13.04
WR,Christian Watson (40857570),Christian Watson,40857570,WR/FLEX,4600,MIN@GB 11/23/2025 01:00PM ET,GB,11.85
WR,Rashid Shaheed (40857409),Rashid Shaheed,40857409,WR/FLEX,4600,SEA@TEN 11/23/2025 01:00PM ET,SEA,10.6
RB,Bhayshul Tuten (40858233),Bhayshul Tuten,40858233,RB/FLEX,4600,JAX@ARI 11/23/2025 04:05PM ET,JAX,6.19
RB,Chuba Hubbard (40857544),Chuba Hubbard,40857544,RB/FLEX,4600,CAR@SF 11/24/2025 08:15PM ET,CAR,9
WR,Darius Slayton (40857332),Darius Slayton,40857332,WR/FLEX,4500,NYG@DET 11/23/2025 01:00PM ET,NYG,7.04
WR,Josh Downs (40857991),Josh Downs,40857991,WR/FLEX,4500,IND@KC 11/23/2025 01:00PM ET,IND,9.4
QB,Cam Ward (40858053),Cam Ward,40858053,QB,4500,SEA@TEN 11/23/2025 01:00PM ET,TEN,9.81
QB,Geno Smith (40857136),Geno Smith,40857136,QB,4500,CLE@LV 11/23/2025 04:05PM ET,LV,13.35
RB,Tank Bigsby (40857989),Tank Bigsby,40857989,RB/FLEX,4500,PHI@DAL 11/23/2025 04:25PM ET,PHI,2.07
RB,Tyler Allgeier (40857762),Tyler Allgeier,40857762,RB/FLEX,4500,ATL@NO 11/23/2025 04:25PM ET,ATL,7.96
RB,Brian Robinson Jr. (40857447),Brian Robinson Jr.,40857447,RB/FLEX,4500,CAR@SF 11/24/2025 08:15PM ET,SF,4.16
WR,Jayden Reed (40857688),Jayden Reed,40857688,WR/FLEX,4400,MIN@GB 11/23/2025 01:00PM ET,GB,6.75
WR,Tory Horton (40858035),Tory Horton,40858035,WR/FLEX,4400,SEA@TEN 11/23/2025 01:00PM ET,SEA,8.14
RB,Michael Carter (40857466),Michael Carter,40857466,RB/FLEX,4400,JAX@ARI 11/23/2025 04:05PM ET,ARI,6.77
RB,Emari Demercado (40857649),Emari Demercado,40857649,RB/FLEX,4400,JAX@ARI 11/23/2025 04:05PM ET,ARI,4.83
QB,Kirk Cousins (40857127),Kirk Cousins,40857127,QB,4400,ATL@NO 11/23/2025 04:25PM ET,ATL,3.47
QB,Tyler Shough (40857628),Tyler Shough,40857628,QB,4400,ATL@NO 11/23/2025 04:25PM ET,NO,8.64
TE,Cade Otton (40857486),Cade Otton,40857486,TE/FLEX,4400,TB@LAR 11/23/2025 08:20PM ET,TB,7.51
QB,Tyrod Taylor (40857125),Tyrod Taylor,40857125,QB,4300,NYJ@BAL 11/23/2025 01:00PM ET,NYJ,10.39
QB,Malik Willis (40857465),Malik Willis,40857465,QB,4300,MIN@GB 11/23/2025 01:00PM ET,GB,5.84
WR,Greg Dortch (40857365),Greg Dortch,40857365,WR/FLEX,4300,JAX@ARI 11/23/2025 04:05PM ET,ARI,5.49
RB,LeQuint Allen Jr. (40858239),LeQuint Allen Jr.,40858239,RB/FLEX,4300,JAX@ARI 11/23/2025 04:05PM ET,JAX,1.79
TE,Kyle Pitts Sr. (40857682),Kyle Pitts Sr.,40857682,TE/FLEX,4300,ATL@NO 11/23/2025 04:25PM ET,ATL,9.64
RB,Devin Neal (40858185),Devin Neal,40858185,RB/FLEX,4300,ATL@NO 11/23/2025 04:25PM ET,NO,2.23
WR,Tez Johnson (40857986),Tez Johnson,40857986,WR/FLEX,4300,TB@LAR 11/23/2025 08:20PM ET,TB,7.87
RB,Blake Corum (40858072),Blake Corum,40858072,RB/FLEX,4300,TB@LAR 11/23/2025 08:20PM ET,LAR,4.37
RB,Justice Hill (40857407),Justice Hill,40857407,RB/FLEX,4200,NYJ@BAL 11/23/2025 01:00PM ET,BAL,7.24
WR,Mack Hollins (40857190),Mack Hollins,40857190,WR/FLEX,4200,NE@CIN 11/23/2025 01:00PM ET,NE,7.64
RB,Samaje Perine (40857250),Samaje Perine,40857250,RB/FLEX,4200,NE@CIN 11/23/2025 01:00PM ET,CIN,3.87
WR,Hollywood Brown (40857455),Hollywood Brown,40857455,WR/FLEX,4200,IND@KC 11/23/2025 01:00PM ET,KC,10.49
QB,Dillon Gabriel (40857817),Dillon Gabriel,40857817,QB,4200,CLE@LV 11/23/2025 04:05PM ET,CLE,9.01
QB,Shedeur Sanders (40858103),Shedeur Sanders,40858103,QB,4200,CLE@LV 11/23/2025 04:05PM ET,CLE,2.48
TE,Dallas Goedert (40857245),Dallas Goedert,40857245,TE/FLEX,4200,PHI@DAL 11/23/2025 04:25PM ET,PHI,12.96
WR,Sterling Shepard (40857177),Sterling Shepard,40857177,WR/FLEX,4200,TB@LAR 11/23/2025 08:20PM ET,TB,7.58
RB,Kaleb Johnson (40858253),Kaleb Johnson,40858253,RB/FLEX,4100,PIT@CHI 11/23/2025 01:00PM ET,PIT,1.1
WR,Andrei Iosivas (40857705),Andrei Iosivas,40857705,WR/FLEX,4100,NE@CIN 11/23/2025 01:00PM ET,CIN,5.15
TE,Theo Johnson (40857984),Theo Johnson,40857984,TE/FLEX,4100,NYG@DET 11/23/2025 01:00PM ET,NYG,9.18
WR,Jerry Jeudy (40857444),Jerry Jeudy,40857444,WR/FLEX,4100,CLE@LV 11/23/2025 04:05PM ET,CLE,7.26
RB,Dylan Sampson (40858277),Dylan Sampson,40858277,RB/FLEX,4100,CLE@LV 11/23/2025 04:05PM ET,CLE,4.72
WR,Jalen McMillan (40857953),Jalen McMillan,40857953,WR/FLEX,4100,TB@LAR 11/23/2025 08:20PM ET,TB,0
RB,Patrick Ricard (40857171),Patrick Ricard,40857171,RB/FLEX,4000,NYJ@BAL 11/23/2025 01:00PM ET,BAL,0.08
QB,Cooper Rush (40857185),Cooper Rush,40857185,QB,4000,NYJ@BAL 11/23/2025 01:00PM ET,BAL,1.68
RB,Andrew Beck (40857260),Andrew Beck,40857260,RB/FLEX,4000,NYJ@BAL 11/23/2025 01:00PM ET,NYJ,1.06
QB,Tyler Huntley (40857384),Tyler Huntley,40857384,QB,4000,NYJ@BAL 11/23/2025 01:00PM ET,BAL,11.68
RB,Khalil Herbert (40857423),Khalil Herbert,40857423,RB/FLEX,4000,NYJ@BAL 11/23/2025 01:00PM ET,NYJ,0
RB,Kene Nwangwu (40857439),Kene Nwangwu,40857439,RB/FLEX,4000,NYJ@BAL 11/23/2025 01:00PM ET,NYJ,1.2
QB,Brady Cook (40857946),Brady Cook,40857946,QB,4000,NYJ@BAL 11/23/2025 01:00PM ET,NYJ,0
RB,Keaton Mitchell (40858027),Keaton Mitchell,40858027,RB/FLEX,4000,NYJ@BAL 11/23/2025 01:00PM ET,BAL,3.32
RB,Rasheen Ali (40858062),Rasheen Ali,40858062,RB/FLEX,4000,NYJ@BAL 11/23/2025 01:00PM ET,BAL,0.33
RB,Braelon Allen (40858219),Braelon Allen,40858219,RB/FLEX,4000,NYJ@BAL 11/23/2025 01:00PM ET,NYJ,4.08
RB,Lucas Scott (40858223),Lucas Scott,40858223,RB/FLEX,4000,NYJ@BAL 11/23/2025 01:00PM ET,BAL,0
QB,Case Keenum (40857124),Case Keenum,40857124,QB,4000,PIT@CHI 11/23/2025 01:00PM ET,CHI,0
QB,Skylar Thompson (40857386),Skylar Thompson,40857386,QB,4000,PIT@CHI 11/23/2025 01:00PM ET,PIT,0
RB,Brittain Brown (40857403),Brittain Brown,40857403,RB/FLEX,4000,PIT@CHI 11/23/2025 01:00PM ET,CHI,9.7
RB,Travis Homer (40857405),Travis Homer,40857405,RB/FLEX,4000,PIT@CHI 11/23/2025 01:00PM ET,CHI,-0.04
RB,Trey Sermon (40857459),Trey Sermon,40857459,RB/FLEX,4000,PIT@CHI 11/23/2025 01:00PM ET,PIT,0
RB,Roschon Johnson (40857789),Roschon Johnson,40857789,RB/FLEX,4000,PIT@CHI 11/23/2025 01:00PM ET,CHI,0.24
RB,Lew Nichols (40857828),Lew Nichols,40857828,RB/FLEX,4000,PIT@CHI 11/23/2025 01:00PM ET,PIT,0
RB,Deion Hankins (40857929),Deion Hankins,40857929,RB/FLEX,4000,PIT@CHI 11/23/2025 01:00PM ET,CHI,0
QB,Will Howard (40857959),Will Howard,40857959,QB,4000,PIT@CHI 11/23/2025 01:00PM ET,PIT,0
QB,Tyson Bagent (40858287),Tyson Bagent,40858287,QB,4000,PIT@CHI 11/23/2025 01:00PM ET,CHI,0.86
QB,Joshua Dobbs (40857209),Joshua Dobbs,40857209,QB,4000,NE@CIN 11/23/2025 01:00PM ET,NE,0.04
RB,D'Ernest Johnson (40857292),D'Ernest Johnson,40857292,RB/FLEX,4000,NE@CIN 11/23/2025 01:00PM ET,NE,0.18
QB,Jake Browning (40857300),Jake Browning,40857300,QB,4000,NE@CIN 11/23/2025 01:00PM ET,CIN,14.04
RB,Jonathan Ward (40857380),Jonathan Ward,40857380,RB/FLEX,4000,NE@CIN 11/23/2025 01:00PM ET,NE,0
QB,Tommy DeVito (40857537),Tommy DeVito,40857537,QB,4000,NE@CIN 11/23/2025 01:00PM ET,NE,0
QB,Sean Clifford (40857565),Sean Clifford,40857565,QB,4000,NE@CIN 11/23/2025 01:00PM ET,CIN,0
RB,Gary Brightwell (40857572),Gary Brightwell,40857572,RB/FLEX,4000,NE@CIN 11/23/2025 01:00PM ET,CIN,0
RB,Antonio Gibson (40857602),Antonio Gibson,40857602,RB/FLEX,4000,NE@CIN 11/23/2025 01:00PM ET,NE,4.84
RB,Jack Westover (40857664),Jack Westover,40857664,RB/FLEX,4000,NE@CIN 11/23/2025 01:00PM ET,NE,0
RB,Deneric Prince (40857736),Deneric Prince,40857736,RB/FLEX,4000,NE@CIN 11/23/2025 01:00PM ET,NE,0
RB,Kendall Milton (40857942),Kendall Milton,40857942,RB/FLEX,4000,NE@CIN 11/23/2025 01:00PM ET,CIN,0.2
RB,Lan Larison (40858003),Lan Larison,40858003,RB/FLEX,4000,NE@CIN 11/23/2025 01:00PM ET,NE,0
RB,Tahj Brooks (40858056),Tahj Brooks,40858056,RB/FLEX,4000,NE@CIN 11/23/2025 01:00PM ET,CIN,0.23
RB,Brock Lampe (40858199),Brock Lampe,40858199,RB/FLEX,4000,NE@CIN 11/23/2025 01:00PM ET,NE,0
RB,Rushawn Baker (40858201),Rushawn Baker,40858201,RB/FLEX,4000,NE@CIN 11/23/2025 01:00PM ET,NE,0
QB,Russell Wilson (40857126),Russell Wilson,40857126,QB,4000,NYG@DET 11/23/2025 01:00PM ET,NYG,9.31
QB,C.J. Beathard (40857180),C.J. Beathard,40857180,QB,4000,NYG@DET 11/23/2025 01:00PM ET,DET,0
QB,Kyle Allen (40857254),Kyle Allen,40857254,QB,4000,NYG@DET 11/23/2025 01:00PM ET,DET,-0.1
RB,Dante Miller (40857661),Dante Miller,40857661,RB/FLEX,4000,NYG@DET 11/23/2025 01:00PM ET,NYG,0
RB,Jacob Saylors (40857764),Jacob Saylors,40857764,RB/FLEX,4000,NYG@DET 11/23/2025 01:00PM ET,DET,0.12
RB,Eric Gray (40857780),Eric Gray,40857780,RB/FLEX,4000,NYG@DET 11/23/2025 01:00PM ET,NYG,0
RB,Craig Reynolds (40857831),Craig Reynolds,40857831,RB/FLEX,4000,NYG@DET 11/23/2025 01:00PM ET,DET,0.06
RB,Cam Skattebo (40858106),Cam Skattebo,40858106,RB/FLEX,4000,NYG@DET 11/23/2025 01:00PM ET,NYG,16.09
RB,Kye Robichaux (40858207),Kye Robichaux,40858207,RB/FLEX,4000,NYG@DET 11/23/2025 01:00PM ET,DET,0
RB,Sione Vaki (40858249),Sione Vaki,40858249,RB/FLEX,4000,NYG@DET 11/23/2025 01:00PM ET,DET,0.1
QB,Carson Wentz (40857170),Carson Wentz,40857170,QB,4000,MIN@GB 11/23/2025 01:00PM ET,MIN,16.27
QB,John Wolford (40857278),John Wolford,40857278,QB,4000,MIN@GB 11/23/2025 01:00PM ET,MIN,0
RB,C.J. Ham (40857387),C.J. Ham,40857387,RB/FLEX,4000,MIN@GB 11/23/2025 01:00PM ET,MIN,0.38
RB,Cam Akers (40857461),Cam Akers,40857461,RB/FLEX,4000,MIN@GB 11/23/2025 01:00PM ET,MIN,2.39
RB,Pierre Strong Jr. (40857494),Pierre Strong Jr.,40857494,RB/FLEX,4000,MIN@GB 11/23/2025 01:00PM ET,GB,0
RB,Ty Chandler (40857523),Ty Chandler,40857523,RB/FLEX,4000,MIN@GB 11/23/2025 01:00PM ET,MIN,0
RB,Zavier Scott (40857568),Zavier Scott,40857568,RB/FLEX,4000,MIN@GB 11/23/2025 01:00PM ET,MIN,3.24
QB,Clayton Tune (40857619),Clayton Tune,40857619,QB,4000,MIN@GB 11/23/2025 01:00PM ET,GB,0
QB,Max Brosmer (40857846),Max Brosmer,40857846,QB,4000,MIN@GB 11/23/2025 01:00PM ET,MIN,0.53
RB,MarShawn Lloyd (40857947),MarShawn Lloyd,40857947,RB/FLEX,4000,MIN@GB 11/23/2025 01:00PM ET,GB,0
RB,Corey Kiner (40858124),Corey Kiner,40858124,RB/FLEX,4000,MIN@GB 11/23/2025 01:00PM ET,MIN,0
RB,Ameer Abdullah (40857143),Ameer Abdullah,40857143,RB/FLEX,4000,IND@KC 11/23/2025 01:00PM ET,IND,3
QB,Brett Rypien (40857307),Brett Rypien,40857307,QB,4000,IND@KC 11/23/2025 01:00PM ET,IND,0
QB,Gardner Minshew II (40857314),Gardner Minshew II,40857314,QB,4000,IND@KC 11/23/2025 01:00PM ET,KC,-0.3
QB,Chris Oladokun (40857441),Chris Oladokun,40857441,QB,4000,IND@KC 11/23/2025 01:00PM ET,KC,0
RB,Clyde Edwards-Helaire (40857468),Clyde Edwards-Helaire,40857468,RB/FLEX,4000,IND@KC 11/23/2025 01:00PM ET,KC,0.5
RB,Salvon Ahmed (40857483),Salvon Ahmed,40857483,RB/FLEX,4000,IND@KC 11/23/2025 01:00PM ET,IND,0
RB,Elijah Mitchell (40857496),Elijah Mitchell,40857496,RB/FLEX,4000,IND@KC 11/23/2025 01:00PM ET,KC,0
RB,Keaontay Ingram (40857718),Keaontay Ingram,40857718,RB/FLEX,4000,IND@KC 11/23/2025 01:00PM ET,KC,0
RB,Tyler Goodson (40857840),Tyler Goodson,40857840,RB/FLEX,4000,IND@KC 11/23/2025 01:00PM ET,IND,0.8
RB,Ulysses Bentley IV (40857872),Ulysses Bentley IV,40857872,RB/FLEX,4000,IND@KC 11/23/2025 01:00PM ET,IND,0
QB,Anthony Richardson Sr. (40857988),Anthony Richardson Sr.,40857988,QB,4000,IND@KC 11/23/2025 01:00PM ET,IND,1.08
QB,Riley Leonard (40858184),Riley Leonard,40858184,QB,4000,IND@KC 11/23/2025 01:00PM ET,IND,0.1
RB,DJ Giddens (40858187),DJ Giddens,40858187,RB/FLEX,4000,IND@KC 11/23/2025 01:00PM ET,IND,0.94
RB,Brashard Smith (40858189),Brashard Smith,40858189,RB/FLEX,4000,IND@KC 11/23/2025 01:00PM ET,KC,3.72
RB,Carson Steele (40858205),Carson Steele,40858205,RB/FLEX,4000,IND@KC 11/23/2025 01:00PM ET,KC,0
DST,Seahawks  (40857113),Seahawks ,40857113,DST,4000,SEA@TEN 11/23/2025 01:00PM ET,SEA,9.8
QB,Trevor Siemian (40857137),Trevor Siemian,40857137,QB,4000,SEA@TEN 11/23/2025 01:00PM ET,TEN,0
QB,Brandon Allen (40857154),Brandon Allen,40857154,QB,4000,SEA@TEN 11/23/2025 01:00PM ET,TEN,0
WR,Cooper Kupp (40857188),Cooper Kupp,40857188,WR/FLEX,4000,SEA@TEN 11/23/2025 01:00PM ET,SEA,8.11
RB,Myles Gaskin (40857301),Myles Gaskin,40857301,RB/FLEX,4000,SEA@TEN 11/23/2025 01:00PM ET,SEA,0
QB,Drew Lock (40857338),Drew Lock,40857338,QB,4000,SEA@TEN 11/23/2025 01:00PM ET,SEA,0.03
RB,Jordan Mims (40857472),Jordan Mims,40857472,RB/FLEX,4000,SEA@TEN 11/23/2025 01:00PM ET,TEN,0
RB,Brady Russell (40857554),Brady Russell,40857554,RB/FLEX,4000,SEA@TEN 11/23/2025 01:00PM ET,SEA,0
QB,Will Levis (40857648),Will Levis,40857648,QB,4000,SEA@TEN 11/23/2025 01:00PM ET,TEN,0
RB,Julius Chestnut (40857716),Julius Chestnut,40857716,RB/FLEX,4000,SEA@TEN 11/23/2025 01:00PM ET,TEN,0.36
RB,Kenny McIntosh (40857854),Kenny McIntosh,40857854,RB/FLEX,4000,SEA@TEN 11/23/2025 01:00PM ET,SEA,0
RB,George Holani (40857917),George Holani,40857917,RB/FLEX,4000,SEA@TEN 11/23/2025 01:00PM ET,SEA,1.58
WR,Chimere Dike (40857993),Chimere Dike,40857993,WR/FLEX,4000,SEA@TEN 11/23/2025 01:00PM ET,TEN,5.75
RB,Kalel Mullings (40858076),Kalel Mullings,40858076,RB/FLEX,4000,SEA@TEN 11/23/2025 01:00PM ET,TEN,0
RB,Robbie Ouzts (40858120),Robbie Ouzts,40858120,RB/FLEX,4000,SEA@TEN 11/23/2025 01:00PM ET,SEA,0
QB,Jalen Milroe (40858183),Jalen Milroe,40858183,QB,4000,SEA@TEN 11/23/2025 01:00PM ET,SEA,-0.2
QB,Jeff Driskel (40857147),Jeff Driskel,40857147,QB,4000,JAX@ARI 11/23/2025 04:05PM ET,ARI,0
RB,James Conner (40857215),James Conner,40857215,RB/FLEX,4000,JAX@ARI 11/23/2025 04:05PM ET,ARI,11.1
QB,Nick Mullens (40857228),Nick Mullens,40857228,QB,4000,JAX@ARI 11/23/2025 04:05PM ET,JAX,0
QB,Kyler Murray (40857325),Kyler Murray,40857325,QB,4000,JAX@ARI 11/23/2025 04:05PM ET,ARI,16.36
QB,Carter Bradley (40857711),Carter Bradley,40857711,QB,4000,JAX@ARI 11/23/2025 04:05PM ET,JAX,0
RB,Jermar Jefferson (40857732),Jermar Jefferson,40857732,RB/FLEX,4000,JAX@ARI 11/23/2025 04:05PM ET,ARI,0
RB,Cody Schrader (40857768),Cody Schrader,40857768,RB/FLEX,4000,JAX@ARI 11/23/2025 04:05PM ET,JAX,0
QB,Kedon Slovis (40857782),Kedon Slovis,40857782,QB,4000,JAX@ARI 11/23/2025 04:05PM ET,ARI,0
RB,Ja'Quinden Jackson (40858043),Ja'Quinden Jackson,40858043,RB/FLEX,4000,JAX@ARI 11/23/2025 04:05PM ET,JAX,0
RB,Raheem Mostert (40857159),Raheem Mostert,40857159,RB/FLEX,4000,CLE@LV 11/23/2025 04:05PM ET,LV,2.79
QB,Deshaun Watson (40857262),Deshaun Watson,40857262,QB,4000,CLE@LV 11/23/2025 04:05PM ET,CLE,0
QB,Kenny Pickett (40857476),Kenny Pickett,40857476,QB,4000,CLE@LV 11/23/2025 04:05PM ET,LV,-0.34
QB,Bailey Zappe (40857516),Bailey Zappe,40857516,QB,4000,CLE@LV 11/23/2025 04:05PM ET,CLE,0
QB,Aidan O'Connell (40857564),Aidan O'Connell,40857564,QB,4000,CLE@LV 11/23/2025 04:05PM ET,LV,0
RB,Zamir White (40857630),Zamir White,40857630,RB/FLEX,4000,CLE@LV 11/23/2025 04:05PM ET,LV,1.85
RB,Dylan Laube (40857674),Dylan Laube,40857674,RB/FLEX,4000,CLE@LV 11/23/2025 04:05PM ET,LV,0.53
RB,Jerome Ford (40857712),Jerome Ford,40857712,RB/FLEX,4000,CLE@LV 11/23/2025 04:05PM ET,CLE,3.62
RB,Chris Collier (40858005),Chris Collier,40858005,RB/FLEX,4000,CLE@LV 11/23/2025 04:05PM ET,LV,0
QB,Cam Miller (40858092),Cam Miller,40858092,QB,4000,CLE@LV 11/23/2025 04:05PM ET,LV,0
RB,Raheim Sanders (40858112),Raheim Sanders,40858112,RB/FLEX,4000,CLE@LV 11/23/2025 04:05PM ET,CLE,6.3
QB,Will Grier (40857247),Will Grier,40857247,QB,4000,PHI@DAL 11/23/2025 04:25PM ET,DAL,0
RB,Miles Sanders (40857417),Miles Sanders,40857417,RB/FLEX,4000,PHI@DAL 11/23/2025 04:25PM ET,DAL,6.92
RB,Malik Davis (40857449),Malik Davis,40857449,RB/FLEX,4000,PHI@DAL 11/23/2025 04:25PM ET,DAL,0.65
RB,A.J. Dillon (40857533),A.J. Dillon,40857533,RB/FLEX,4000,PHI@DAL 11/23/2025 04:25PM ET,PHI,1.47
QB,Joe Milton III (40857633),Joe Milton III,40857633,QB,4000,PHI@DAL 11/23/2025 04:25PM ET,DAL,3.48
QB,Tanner McKee (40857692),Tanner McKee,40857692,QB,4000,PHI@DAL 11/23/2025 04:25PM ET,PHI,-0.2
RB,Ben VanSumeren (40857744),Ben VanSumeren,40857744,RB/FLEX,4000,PHI@DAL 11/23/2025 04:25PM ET,PHI,0
RB,Hunter Luepke (40857758),Hunter Luepke,40857758,RB/FLEX,4000,PHI@DAL 11/23/2025 04:25PM ET,DAL,1.99
QB,Sam Howell (40857835),Sam Howell,40857835,QB,4000,PHI@DAL 11/23/2025 04:25PM ET,PHI,0
RB,Will Shipley (40858156),Will Shipley,40858156,RB/FLEX,4000,PHI@DAL 11/23/2025 04:25PM ET,PHI,1.41
RB,Phil Mafah (40858160),Phil Mafah,40858160,RB/FLEX,4000,PHI@DAL 11/23/2025 04:25PM ET,DAL,0
QB,Kyle McCord (40858170),Kyle McCord,40858170,QB,4000,PHI@DAL 11/23/2025 04:25PM ET,PHI,0
RB,Jaydon Blue (40858241),Jaydon Blue,40858241,RB/FLEX,4000,PHI@DAL 11/23/2025 04:25PM ET,DAL,2
QB,Easton Stick (40857267),Easton Stick,40857267,QB,4000,ATL@NO 11/23/2025 04:25PM ET,ATL,0
TE,Juwan Johnson (40857357),Juwan Johnson,40857357,TE/FLEX,4000,ATL@NO 11/23/2025 04:25PM ET,NO,10.91
QB,Jake Haener (40857485),Jake Haener,40857485,QB,4000,ATL@NO 11/23/2025 04:25PM ET,NO,0
RB,Carlos Washington Jr. (40857512),Carlos Washington Jr.,40857512,RB/FLEX,4000,ATL@NO 11/23/2025 04:25PM ET,ATL,0
QB,Emory Jones (40857618),Emory Jones,40857618,QB,4000,ATL@NO 11/23/2025 04:25PM ET,ATL,0
RB,Evan Hull (40857870),Evan Hull,40857870,RB/FLEX,4000,ATL@NO 11/23/2025 04:25PM ET,NO,0
QB,Spencer Rattler (40857878),Spencer Rattler,40857878,QB,4000,ATL@NO 11/23/2025 04:25PM ET,NO,13.27
RB,Kendre Miller (40857960),Kendre Miller,40857960,RB/FLEX,4000,ATL@NO 11/23/2025 04:25PM ET,NO,4.76
RB,Nathan Carter (40857972),Nathan Carter,40857972,RB/FLEX,4000,ATL@NO 11/23/2025 04:25PM ET,ATL,1.25
RB,Audric Estime (40858211),Audric Estime,40858211,RB/FLEX,4000,ATL@NO 11/23/2025 04:25PM ET,NO,0
QB,Jimmy Garoppolo (40857138),Jimmy Garoppolo,40857138,QB,4000,TB@LAR 11/23/2025 08:20PM ET,LAR,-0.3
QB,Teddy Bridgewater (40857146),Teddy Bridgewater,40857146,QB,4000,TB@LAR 11/23/2025 08:20PM ET,TB,-0.07
RB,Ronnie Rivers (40857474),Ronnie Rivers,40857474,RB/FLEX,4000,TB@LAR 11/23/2025 08:20PM ET,LAR,0
RB,Owen Wright (40857490),Owen Wright,40857490,RB/FLEX,4000,TB@LAR 11/23/2025 08:20PM ET,TB,0
QB,Stetson Bennett IV (40857580),Stetson Bennett IV,40857580,QB,4000,TB@LAR 11/23/2025 08:20PM ET,LAR,0
QB,Connor Bazelak (40857853),Connor Bazelak,40857853,QB,4000,TB@LAR 11/23/2025 08:20PM ET,TB,0
RB,Josh Williams (40857868),Josh Williams,40857868,RB/FLEX,4000,TB@LAR 11/23/2025 08:20PM ET,TB,0.37
RB,Michael Wiley (40857903),Michael Wiley,40857903,RB/FLEX,4000,TB@LAR 11/23/2025 08:20PM ET,TB,0
RB,Jarquez Hunter (40858203),Jarquez Hunter,40858203,RB/FLEX,4000,TB@LAR 11/23/2025 08:20PM ET,LAR,0
QB,Andy Dalton (40857122),Andy Dalton,40857122,QB,4000,CAR@SF 11/24/2025 08:15PM ET,CAR,3.13
RB,Kyle Juszczyk (40857132),Kyle Juszczyk,40857132,RB/FLEX,4000,CAR@SF 11/24/2025 08:15PM ET,SF,3.61
QB,Mike White (40857212),Mike White,40857212,QB,4000,CAR@SF 11/24/2025 08:15PM ET,CAR,0
RB,Patrick Taylor Jr. (40857427),Patrick Taylor Jr.,40857427,RB/FLEX,4000,CAR@SF 11/24/2025 08:15PM ET,SF,0
RB,DeeJay Dallas (40857463),DeeJay Dallas,40857463,RB/FLEX,4000,CAR@SF 11/24/2025 08:15PM ET,CAR,0
RB,Isaac Guerendo (40857720),Isaac Guerendo,40857720,RB/FLEX,4000,CAR@SF 11/24/2025 08:15PM ET,SF,0
RB,Sincere McCormick (40857824),Sincere McCormick,40857824,RB/FLEX,4000,CAR@SF 11/24/2025 08:15PM ET,SF,0
QB,Kurtis Rourke (40857830),Kurtis Rourke,40857830,QB,4000,CAR@SF 11/24/2025 08:15PM ET,SF,0
RB,Anthony Tyus III (40858166),Anthony Tyus III,40858166,RB/FLEX,4000,CAR@SF 11/24/2025 08:15PM ET,CAR,0
RB,Jonathon Brooks (40858225),Jonathon Brooks,40858225,RB/FLEX,4000,CAR@SF 11/24/2025 08:15PM ET,CAR,0
RB,Trevor Etienne (40858269),Trevor Etienne,40858269,RB/FLEX,4000,CAR@SF 11/24/2025 08:15PM ET,CAR,1.03
RB,Jordan James (40858279),Jordan James,40858279,RB/FLEX,4000,CAR@SF 11/24/2025 08:15PM ET,SF,0
DST,Ravens  (40857117),Ravens ,40857117,DST,3900,NYJ@BAL 11/23/2025 01:00PM ET,BAL,4.4
TE,Hunter Henry (40857219),Hunter Henry,40857219,TE/FLEX,3900,NE@CIN 11/23/2025 01:00PM ET,NE,9.11
WR,Matthew Golden (40858243),Matthew Golden,40858243,WR/FLEX,3900,MIN@GB 11/23/2025 01:00PM ET,GB,6.34
WR,Elic Ayomanor (40858271),Elic Ayomanor,40858271,WR/FLEX,3900,SEA@TEN 11/23/2025 01:00PM ET,TEN,7.34
WR,Xavier Legette (40857909),Xavier Legette,40857909,WR/FLEX,3900,CAR@SF 11/24/2025 08:15PM ET,CAR,7.6
TE,Mark Andrews (40857248),Mark Andrews,40857248,TE/FLEX,3800,NYJ@BAL 11/23/2025 01:00PM ET,BAL,9.99
WR,Rashod Bateman (40857612),Rashod Bateman,40857612,WR/FLEX,3800,NYJ@BAL 11/23/2025 01:00PM ET,BAL,5.49
DST,Patriots  (40857105),Patriots ,40857105,DST,3800,NE@CIN 11/23/2025 01:00PM ET,NE,7.64
WR,DeMario Douglas (40857881),DeMario Douglas,40857881,WR/FLEX,3800,NE@CIN 11/23/2025 01:00PM ET,NE,7.04
WR,Kendrick Bourne (40857239),Kendrick Bourne,40857239,WR/FLEX,3800,CAR@SF 11/24/2025 08:15PM ET,SF,8.52
WR,Calvin Austin III (40857550),Calvin Austin III,40857550,WR/FLEX,3700,PIT@CHI 11/23/2025 01:00PM ET,PIT,7.28
DST,Lions  (40857097),Lions ,40857097,DST,3700,NYG@DET 11/23/2025 01:00PM ET,DET,7
TE,Chig Okonkwo (40857583),Chig Okonkwo,40857583,TE/FLEX,3700,SEA@TEN 11/23/2025 01:00PM ET,TEN,6.57
WR,Cedric Tillman (40857703),Cedric Tillman,40857703,WR/FLEX,3700,CLE@LV 11/23/2025 04:05PM ET,CLE,7.48
WR,Luther Burden III (40858235),Luther Burden III,40858235,WR/FLEX,3600,PIT@CHI 11/23/2025 01:00PM ET,CHI,5.94
DST,Packers  (40857098),Packers ,40857098,DST,3600,MIN@GB 11/23/2025 01:00PM ET,GB,5.2
WR,Van Jefferson (40857351),Van Jefferson,40857351,WR/FLEX,3600,SEA@TEN 11/23/2025 01:00PM ET,TEN,4.19
TE,Harold Fannin Jr. (40858267),Harold Fannin Jr.,40858267,TE/FLEX,3600,CLE@LV 11/23/2025 04:05PM ET,CLE,9.88
TE,Colston Loveland (40858237),Colston Loveland,40858237,TE/FLEX,3500,PIT@CHI 11/23/2025 01:00PM ET,CHI,7.99
WR,Dontayvion Wicks (40857860),Dontayvion Wicks,40857860,WR/FLEX,3500,MIN@GB 11/23/2025 01:00PM ET,GB,4.51
DST,Raiders  (40857102),Raiders ,40857102,DST,3500,CLE@LV 11/23/2025 04:05PM ET,LV,4.3
WR,Tyler Lockett (40857155),Tyler Lockett,40857155,WR/FLEX,3500,CLE@LV 11/23/2025 04:05PM ET,LV,3.87
DST,49ers  (40857112),49ers ,40857112,DST,3500,CAR@SF 11/24/2025 08:15PM ET,SF,3.73
WR,Jalen Coker (40858019),Jalen Coker,40858019,WR/FLEX,3500,CAR@SF 11/24/2025 08:15PM ET,CAR,4.96
TE,Mason Taylor (40858251),Mason Taylor,40858251,TE/FLEX,3400,NYJ@BAL 11/23/2025 01:00PM ET,NYJ,6.96
WR,Jalen Nailor (40857722),Jalen Nailor,40857722,WR/FLEX,3400,MIN@GB 11/23/2025 01:00PM ET,MIN,7.03
TE,Brenton Strange (40857813),Brenton Strange,40857813,TE/FLEX,3400,JAX@ARI 11/23/2025 04:05PM ET,JAX,8.08
WR,Jahan Dotson (40857668),Jahan Dotson,40857668,WR/FLEX,3400,PHI@DAL 11/23/2025 04:25PM ET,PHI,3.54
DST,Falcons  (40857092),Falcons ,40857092,DST,3400,ATL@NO 11/23/2025 04:25PM ET,ATL,6.6
WR,Brandin Cooks (40857164),Brandin Cooks,40857164,WR/FLEX,3400,ATL@NO 11/23/2025 04:25PM ET,NO,3.55
WR,DeAndre Hopkins (40857139),DeAndre Hopkins,40857139,WR/FLEX,3300,NYJ@BAL 11/23/2025 01:00PM ET,BAL,4.69
WR,John Metchie III (40857770),John Metchie III,40857770,WR/FLEX,3300,NYJ@BAL 11/23/2025 01:00PM ET,NYJ,2.21
DST,Bears  (40857093),Bears ,40857093,DST,3300,PIT@CHI 11/23/2025 01:00PM ET,CHI,6.8
WR,Isaiah Hodgins (40857451),Isaiah Hodgins,40857451,WR/FLEX,3300,NYG@DET 11/23/2025 01:00PM ET,NYG,10.7
TE,T.J. Hockenson (40857415),T.J. Hockenson,40857415,TE/FLEX,3300,MIN@GB 11/23/2025 01:00PM ET,MIN,7.4
TE,AJ Barner (40858070),AJ Barner,40858070,TE/FLEX,3300,SEA@TEN 11/23/2025 01:00PM ET,SEA,9.27
WR,Ryan Flournoy (40858265),Ryan Flournoy,40858265,WR/FLEX,3300,PHI@DAL 11/23/2025 04:25PM ET,DAL,5.45
WR,David Sills V (40857310),David Sills V,40857310,WR/FLEX,3300,ATL@NO 11/23/2025 04:25PM ET,ATL,0.74
WR,Adonai Mitchell (40858114),Adonai Mitchell,40858114,WR/FLEX,3200,NYJ@BAL 11/23/2025 01:00PM ET,NYJ,2.8
TE,Pat Freiermuth (40857646),Pat Freiermuth,40857646,TE/FLEX,3200,PIT@CHI 11/23/2025 01:00PM ET,PIT,7.19
TE,Luke Musgrave (40857907),Luke Musgrave,40857907,TE/FLEX,3200,MIN@GB 11/23/2025 01:00PM ET,GB,2.4
WR,Tyquan Thornton (40857626),Tyquan Thornton,40857626,WR/FLEX,3200,IND@KC 11/23/2025 01:00PM ET,KC,7.02
DST,Jaguars  (40857116),Jaguars ,40857116,DST,3200,JAX@ARI 11/23/2025 04:05PM ET,JAX,7.7
WR,Tim Patrick (40857287),Tim Patrick,40857287,WR/FLEX,3200,JAX@ARI 11/23/2025 04:05PM ET,JAX,3.03
WR,Dyami Brown (40857604),Dyami Brown,40857604,WR/FLEX,3200,JAX@ARI 11/23/2025 04:05PM ET,JAX,5.5
WR,Devaughn Vele (40857807),Devaughn Vele,40857807,WR/FLEX,3200,ATL@NO 11/23/2025 04:25PM ET,NO,1.93
WR,Tyler Johnson (40857369),Tyler Johnson,40857369,WR/FLEX,3100,NYJ@BAL 11/23/2025 01:00PM ET,NYJ,3.86
WR,Olamide Zaccheaus (40857347),Olamide Zaccheaus,40857347,WR/FLEX,3100,PIT@CHI 11/23/2025 01:00PM ET,CHI,6.53
TE,Noah Fant (40857413),Noah Fant,40857413,TE/FLEX,3100,NE@CIN 11/23/2025 01:00PM ET,CIN,7.96
WR,Kyle Williams (40858041),Kyle Williams,40858041,WR/FLEX,3100,NE@CIN 11/23/2025 01:00PM ET,NE,1.64
WR,Jalin Hyatt (40858090),Jalin Hyatt,40858090,WR/FLEX,3100,NYG@DET 11/23/2025 01:00PM ET,NYG,1.21
DST,Chiefs  (40857101),Chiefs ,40857101,DST,3100,IND@KC 11/23/2025 01:00PM ET,KC,6.2
TE,David Njoku (40857268),David Njoku,40857268,TE/FLEX,3100,CLE@LV 11/23/2025 04:05PM ET,CLE,8.53
WR,Jalen Tolbert (40857560),Jalen Tolbert,40857560,WR/FLEX,3100,PHI@DAL 11/23/2025 04:25PM ET,DAL,3.92
WR,Keith Kirkwood (40857221),Keith Kirkwood,40857221,WR/FLEX,3000,NYJ@BAL 11/23/2025 01:00PM ET,BAL,0
WR,Josh Reynolds (40857255),Josh Reynolds,40857255,WR/FLEX,3000,NYJ@BAL 11/23/2025 01:00PM ET,NYJ,4.62
WR,Allen Lazard (40857285),Allen Lazard,40857285,WR/FLEX,3000,NYJ@BAL 11/23/2025 01:00PM ET,NYJ,2.92
WR,Irvin Charles (40857343),Irvin Charles,40857343,WR/FLEX,3000,NYJ@BAL 11/23/2025 01:00PM ET,NYJ,0
WR,Trenton Irwin (40857359),Trenton Irwin,40857359,WR/FLEX,3000,NYJ@BAL 11/23/2025 01:00PM ET,NYJ,0
WR,Brandon Smith (40857519),Brandon Smith,40857519,WR/FLEX,3000,NYJ@BAL 11/23/2025 01:00PM ET,NYJ,0
WR,Tylan Wallace (40857548),Tylan Wallace,40857548,WR/FLEX,3000,NYJ@BAL 11/23/2025 01:00PM ET,BAL,1.45
WR,Garrett Wilson (40857811),Garrett Wilson,40857811,WR/FLEX,3000,NYJ@BAL 11/23/2025 01:00PM ET,NYJ,14.21
WR,Dayton Wade (40857866),Dayton Wade,40857866,WR/FLEX,3000,NYJ@BAL 11/23/2025 01:00PM ET,BAL,0
WR,Isaiah Williams (40857885),Isaiah Williams,40857885,WR/FLEX,3000,NYJ@BAL 11/23/2025 01:00PM ET,NYJ,2.08
WR,Cornelius Johnson (40857919),Cornelius Johnson,40857919,WR/FLEX,3000,NYJ@BAL 11/23/2025 01:00PM ET,BAL,0
WR,Arian Smith (40858015),Arian Smith,40858015,WR/FLEX,3000,NYJ@BAL 11/23/2025 01:00PM ET,NYJ,1.1
WR,Quentin Skinner (40858039),Quentin Skinner,40858039,WR/FLEX,3000,NYJ@BAL 11/23/2025 01:00PM ET,NYJ,0
WR,LaJohntay Wester (40858080),LaJohntay Wester,40858080,WR/FLEX,3000,NYJ@BAL 11/23/2025 01:00PM ET,BAL,-0.1
WR,Devontez Walker (40858104),Devontez Walker,40858104,WR/FLEX,3000,NYJ@BAL 11/23/2025 01:00PM ET,BAL,3.5
WR,Jamaal Pritchett (40858257),Jamaal Pritchett,40858257,WR/FLEX,3000,NYJ@BAL 11/23/2025 01:00PM ET,NYJ,0
WR,Marquez Valdes-Scantling (40857213),Marquez Valdes-Scantling,40857213,WR/FLEX,3000,PIT@CHI 11/23/2025 01:00PM ET,PIT,1.6
WR,Scotty Miller (40857308),Scotty Miller,40857308,WR/FLEX,3000,PIT@CHI 11/23/2025 01:00PM ET,PIT,0.27
WR,Maurice Alexander (40857361),Maurice Alexander,40857361,WR/FLEX,3000,PIT@CHI 11/23/2025 01:00PM ET,CHI,0
WR,Devin Duvernay (40857393),Devin Duvernay,40857393,WR/FLEX,3000,PIT@CHI 11/23/2025 01:00PM ET,CHI,0.12
WR,Ben Skowronek (40857395),Ben Skowronek,40857395,WR/FLEX,3000,PIT@CHI 11/23/2025 01:00PM ET,PIT,1.15
WR,Max Hurleman (40858011),Max Hurleman,40858011,WR/FLEX,3000,PIT@CHI 11/23/2025 01:00PM ET,PIT,0
WR,Roman Wilson (40858074),Roman Wilson,40858074,WR/FLEX,3000,PIT@CHI 11/23/2025 01:00PM ET,PIT,3.96
WR,Ke'Shawn Williams (40858086),Ke'Shawn Williams,40858086,WR/FLEX,3000,PIT@CHI 11/23/2025 01:00PM ET,PIT,-0.17
WR,JP Richardson (40858137),JP Richardson,40858137,WR/FLEX,3000,PIT@CHI 11/23/2025 01:00PM ET,CHI,0
WR,Jahdae Walker (40858290),Jahdae Walker,40858290,WR/FLEX,3000,PIT@CHI 11/23/2025 01:00PM ET,CHI,0
WR,Kendric Pryor (40857419),Kendric Pryor,40857419,WR/FLEX,3000,NE@CIN 11/23/2025 01:00PM ET,CIN,0
WR,Charlie Jones (40857566),Charlie Jones,40857566,WR/FLEX,3000,NE@CIN 11/23/2025 01:00PM ET,CIN,0.6
WR,Jeremiah Webb (40857935),Jeremiah Webb,40857935,WR/FLEX,3000,NE@CIN 11/23/2025 01:00PM ET,NE,0
WR,Mitch Tinsley (40857997),Mitch Tinsley,40857997,WR/FLEX,3000,NE@CIN 11/23/2025 01:00PM ET,CIN,1.39
WR,Efton Chism III (40858007),Efton Chism III,40858007,WR/FLEX,3000,NE@CIN 11/23/2025 01:00PM ET,NE,0
WR,Jermaine Burton (40858013),Jermaine Burton,40858013,WR/FLEX,3000,NE@CIN 11/23/2025 01:00PM ET,CIN,0
WR,Jordan Moore (40858144),Jordan Moore,40858144,WR/FLEX,3000,NE@CIN 11/23/2025 01:00PM ET,CIN,0
WR,John Jiles (40858296),John Jiles,40858296,WR/FLEX,3000,NE@CIN 11/23/2025 01:00PM ET,NE,0
WR,Kalif Raymond (40857181),Kalif Raymond,40857181,WR/FLEX,3000,NYG@DET 11/23/2025 01:00PM ET,DET,3.22
WR,Tom Kennedy (40857279),Tom Kennedy,40857279,WR/FLEX,3000,NYG@DET 11/23/2025 01:00PM ET,DET,0
WR,Ray-Ray McCloud III (40857315),Ray-Ray McCloud III,40857315,WR/FLEX,3000,NYG@DET 11/23/2025 01:00PM ET,NYG,2.32
TE,Brock Wright (40857477),Brock Wright,40857477,TE/FLEX,3000,NYG@DET 11/23/2025 01:00PM ET,DET,3.09
WR,Ihmir Smith-Marsette (40857521),Ihmir Smith-Marsette,40857521,WR/FLEX,3000,NYG@DET 11/23/2025 01:00PM ET,NYG,0
WR,Malik Cunningham (40857546),Malik Cunningham,40857546,WR/FLEX,3000,NYG@DET 11/23/2025 01:00PM ET,DET,0
WR,Bryce Ford-Wheaton (40857657),Bryce Ford-Wheaton,40857657,WR/FLEX,3000,NYG@DET 11/23/2025 01:00PM ET,NYG,0
WR,Gunner Olszewski (40857836),Gunner Olszewski,40857836,WR/FLEX,3000,NYG@DET 11/23/2025 01:00PM ET,NYG,0.86
WR,Da'Quan Felton (40857905),Da'Quan Felton,40857905,WR/FLEX,3000,NYG@DET 11/23/2025 01:00PM ET,NYG,0
WR,Dalen Cambre (40857913),Dalen Cambre,40857913,WR/FLEX,3000,NYG@DET 11/23/2025 01:00PM ET,NYG,0
WR,Jackson Meeks (40858116),Jackson Meeks,40858116,WR/FLEX,3000,NYG@DET 11/23/2025 01:00PM ET,DET,0
WR,Malik Nabers (40858126),Malik Nabers,40858126,WR/FLEX,3000,NYG@DET 11/23/2025 01:00PM ET,NYG,15.02
WR,Dominic Lovett (40858142),Dominic Lovett,40858142,WR/FLEX,3000,NYG@DET 11/23/2025 01:00PM ET,DET,0
WR,Beaux Collins (40858164),Beaux Collins,40858164,WR/FLEX,3000,NYG@DET 11/23/2025 01:00PM ET,NYG,0.5
WR,Isaac TeSlaa (40858285),Isaac TeSlaa,40858285,WR/FLEX,3000,NYG@DET 11/23/2025 01:00PM ET,DET,2.25
WR,Adam Thielen (40857199),Adam Thielen,40857199,WR/FLEX,3000,MIN@GB 11/23/2025 01:00PM ET,MIN,1.69
WR,Jeshaun Jones (40857585),Jeshaun Jones,40857585,WR/FLEX,3000,MIN@GB 11/23/2025 01:00PM ET,MIN,0
WR,Michael Woods II (40857591),Michael Woods II,40857591,WR/FLEX,3000,MIN@GB 11/23/2025 01:00PM ET,GB,0
WR,Rondale Moore (40857748),Rondale Moore,40857748,WR/FLEX,3000,MIN@GB 11/23/2025 01:00PM ET,MIN,0
WR,Jakobie Keeney-James (40857849),Jakobie Keeney-James,40857849,WR/FLEX,3000,MIN@GB 11/23/2025 01:00PM ET,GB,0
WR,Isaiah Neyor (40857862),Isaiah Neyor,40857862,WR/FLEX,3000,MIN@GB 11/23/2025 01:00PM ET,GB,0
WR,Savion Williams (40857962),Savion Williams,40857962,WR/FLEX,3000,MIN@GB 11/23/2025 01:00PM ET,GB,2.56
WR,Will Sheppard (40858001),Will Sheppard,40858001,WR/FLEX,3000,MIN@GB 11/23/2025 01:00PM ET,GB,0
WR,Dontae Fleming (40858025),Dontae Fleming,40858025,WR/FLEX,3000,MIN@GB 11/23/2025 01:00PM ET,MIN,0
WR,Myles Price (40858054),Myles Price,40858054,WR/FLEX,3000,MIN@GB 11/23/2025 01:00PM ET,MIN,-0.2
WR,Malik Heath (40858084),Malik Heath,40858084,WR/FLEX,3000,MIN@GB 11/23/2025 01:00PM ET,GB,1.62
WR,Tai Felton (40858151),Tai Felton,40858151,WR/FLEX,3000,MIN@GB 11/23/2025 01:00PM ET,MIN,0.19
WR,Laquon Treadwell (40857229),Laquon Treadwell,40857229,WR/FLEX,3000,IND@KC 11/23/2025 01:00PM ET,IND,0
WR,JuJu Smith-Schuster (40857272),JuJu Smith-Schuster,40857272,WR/FLEX,3000,IND@KC 11/23/2025 01:00PM ET,KC,6.01
WR,D.J. Montgomery (40857552),D.J. Montgomery,40857552,WR/FLEX,3000,IND@KC 11/23/2025 01:00PM ET,IND,0
WR,Nikko Remigio (40857728),Nikko Remigio,40857728,WR/FLEX,3000,IND@KC 11/23/2025 01:00PM ET,KC,0.42
WR,Anthony Gould (40857774),Anthony Gould,40857774,WR/FLEX,3000,IND@KC 11/23/2025 01:00PM ET,IND,0.16
WR,Ashton Dulin (40857820),Ashton Dulin,40857820,WR/FLEX,3000,IND@KC 11/23/2025 01:00PM ET,IND,1.58
WR,Coleman Owen (40857937),Coleman Owen,40857937,WR/FLEX,3000,IND@KC 11/23/2025 01:00PM ET,IND,0
WR,Jimmy Holiday (40857949),Jimmy Holiday,40857949,WR/FLEX,3000,IND@KC 11/23/2025 01:00PM ET,KC,0
WR,Jason Brownlee (40858082),Jason Brownlee,40858082,WR/FLEX,3000,IND@KC 11/23/2025 01:00PM ET,KC,0
WR,Jalen Royals (40858281),Jalen Royals,40858281,WR/FLEX,3000,IND@KC 11/23/2025 01:00PM ET,KC,0
WR,James Proche II (40857322),James Proche II,40857322,WR/FLEX,3000,SEA@TEN 11/23/2025 01:00PM ET,TEN,0
WR,Calvin Ridley (40857349),Calvin Ridley,40857349,WR/FLEX,3000,SEA@TEN 11/23/2025 01:00PM ET,TEN,7.19
WR,Cody White (40857510),Cody White,40857510,WR/FLEX,3000,SEA@TEN 11/23/2025 01:00PM ET,SEA,3.25
WR,Bryce Oliver (40857636),Bryce Oliver,40857636,WR/FLEX,3000,SEA@TEN 11/23/2025 01:00PM ET,TEN,0.9
WR,Jake Bobo (40857659),Jake Bobo,40857659,WR/FLEX,3000,SEA@TEN 11/23/2025 01:00PM ET,SEA,0.67
WR,Courtney Jackson (40857797),Courtney Jackson,40857797,WR/FLEX,3000,SEA@TEN 11/23/2025 01:00PM ET,SEA,0
WR,Xavier Restrepo (40857976),Xavier Restrepo,40857976,WR/FLEX,3000,SEA@TEN 11/23/2025 01:00PM ET,TEN,0
WR,Mason Kinsey (40857999),Mason Kinsey,40857999,WR/FLEX,3000,SEA@TEN 11/23/2025 01:00PM ET,TEN,0.6
WR,Ricky White III (40858078),Ricky White III,40858078,WR/FLEX,3000,SEA@TEN 11/23/2025 01:00PM ET,SEA,0
WR,Hal Presley III (40858221),Hal Presley III,40858221,WR/FLEX,3000,SEA@TEN 11/23/2025 01:00PM ET,TEN,0
WR,Dareke Young (40858261),Dareke Young,40858261,WR/FLEX,3000,SEA@TEN 11/23/2025 01:00PM ET,SEA,1.13
WR,Zay Jones (40857223),Zay Jones,40857223,WR/FLEX,3000,JAX@ARI 11/23/2025 04:05PM ET,ARI,3.79
WR,Andre Baccellia (40857298),Andre Baccellia,40857298,WR/FLEX,3000,JAX@ARI 11/23/2025 04:05PM ET,ARI,1.5
WR,Jalen Virgil (40857382),Jalen Virgil,40857382,WR/FLEX,3000,JAX@ARI 11/23/2025 04:05PM ET,ARI,0
WR,Austin Trammell (40857500),Austin Trammell,40857500,WR/FLEX,3000,JAX@ARI 11/23/2025 04:05PM ET,JAX,2.53
WR,Tim Jones (40857502),Tim Jones,40857502,WR/FLEX,3000,JAX@ARI 11/23/2025 04:05PM ET,JAX,0.62
WR,Simi Fehoko (40857690),Simi Fehoko,40857690,WR/FLEX,3000,JAX@ARI 11/23/2025 04:05PM ET,ARI,0
WR,Chandler Brayboy (40857844),Chandler Brayboy,40857844,WR/FLEX,3000,JAX@ARI 11/23/2025 04:05PM ET,JAX,0
WR,Joshua Cephus (40857897),Joshua Cephus,40857897,WR/FLEX,3000,JAX@ARI 11/23/2025 04:05PM ET,JAX,0
WR,Xavier Weaver (40857915),Xavier Weaver,40857915,WR/FLEX,3000,JAX@ARI 11/23/2025 04:05PM ET,ARI,0.7
WR,Jalen Brooks (40858031),Jalen Brooks,40858031,WR/FLEX,3000,JAX@ARI 11/23/2025 04:05PM ET,ARI,0
WR,Tejhaun Palmer (40858193),Tejhaun Palmer,40858193,WR/FLEX,3000,JAX@ARI 11/23/2025 04:05PM ET,ARI,0
WR,Travis Hunter (40858275),Travis Hunter,40858275,WR/FLEX,3000,JAX@ARI 11/23/2025 04:05PM ET,JAX,9.54
WR,Phillip Dorsett II (40857150),Phillip Dorsett II,40857150,WR/FLEX,3000,CLE@LV 11/23/2025 04:05PM ET,LV,0
WR,DeAndre Carter (40857168),DeAndre Carter,40857168,WR/FLEX,3000,CLE@LV 11/23/2025 04:05PM ET,CLE,0
WR,Alex Bachman (40857353),Alex Bachman,40857353,WR/FLEX,3000,CLE@LV 11/23/2025 04:05PM ET,LV,0.24
WR,DJ Turner (40857411),DJ Turner,40857411,WR/FLEX,3000,CLE@LV 11/23/2025 04:05PM ET,LV,0
WR,Shedrick Jackson (40857640),Shedrick Jackson,40857640,WR/FLEX,3000,CLE@LV 11/23/2025 04:05PM ET,LV,0
WR,Justin Shorter (40857670),Justin Shorter,40857670,WR/FLEX,3000,CLE@LV 11/23/2025 04:05PM ET,LV,0
WR,Jamari Thrash (40857899),Jamari Thrash,40857899,WR/FLEX,3000,CLE@LV 11/23/2025 04:05PM ET,CLE,2.3
WR,Malachi Corley (40857995),Malachi Corley,40857995,WR/FLEX,3000,CLE@LV 11/23/2025 04:05PM ET,CLE,2.33
WR,Luke Floriea (40858021),Luke Floriea,40858021,WR/FLEX,3000,CLE@LV 11/23/2025 04:05PM ET,CLE,0
TE,Michael Mayer (40858088),Michael Mayer,40858088,TE/FLEX,3000,CLE@LV 11/23/2025 04:05PM ET,LV,5.48
WR,Jack Bech (40858122),Jack Bech,40858122,WR/FLEX,3000,CLE@LV 11/23/2025 04:05PM ET,LV,1.72
WR,Dont'e Thornton Jr. (40858130),Dont'e Thornton Jr.,40858130,WR/FLEX,3000,CLE@LV 11/23/2025 04:05PM ET,LV,1.76
WR,Gage Larvadain (40858217),Gage Larvadain,40858217,WR/FLEX,3000,CLE@LV 11/23/2025 04:05PM ET,CLE,0.75
WR,Kaden Davis (40858263),Kaden Davis,40858263,WR/FLEX,3000,CLE@LV 11/23/2025 04:05PM ET,CLE,0
WR,Isaiah Bond (40858273),Isaiah Bond,40858273,WR/FLEX,3000,CLE@LV 11/23/2025 04:05PM ET,CLE,2.78
DST,Eagles  (40857109),Eagles ,40857109,DST,3000,PHI@DAL 11/23/2025 04:25PM ET,PHI,7.5
WR,Parris Campbell (40857274),Parris Campbell,40857274,WR/FLEX,3000,PHI@DAL 11/23/2025 04:25PM ET,DAL,0
WR,KaVontae Turpin (40857303),KaVontae Turpin,40857303,WR/FLEX,3000,PHI@DAL 11/23/2025 04:25PM ET,DAL,5.38
WR,Britain Covey (40857339),Britain Covey,40857339,WR/FLEX,3000,PHI@DAL 11/23/2025 04:25PM ET,PHI,0
WR,Quez Watkins (40857442),Quez Watkins,40857442,WR/FLEX,3000,PHI@DAL 11/23/2025 04:25PM ET,PHI,0
WR,Jalen Cropper (40857851),Jalen Cropper,40857851,WR/FLEX,3000,PHI@DAL 11/23/2025 04:25PM ET,DAL,0
WR,Jonathan Mingo (40857891),Jonathan Mingo,40857891,WR/FLEX,3000,PHI@DAL 11/23/2025 04:25PM ET,DAL,0
WR,Xavier Gipson (40857895),Xavier Gipson,40857895,WR/FLEX,3000,PHI@DAL 11/23/2025 04:25PM ET,PHI,0.06
WR,Traeshon Holden (40857939),Traeshon Holden,40857939,WR/FLEX,3000,PHI@DAL 11/23/2025 04:25PM ET,DAL,0
WR,Johnny Wilson (40857951),Johnny Wilson,40857951,WR/FLEX,3000,PHI@DAL 11/23/2025 04:25PM ET,PHI,0
WR,Darius Cooper (40858033),Darius Cooper,40858033,WR/FLEX,3000,PHI@DAL 11/23/2025 04:25PM ET,PHI,0
WR,Danny Gray (40858049),Danny Gray,40858049,WR/FLEX,3000,PHI@DAL 11/23/2025 04:25PM ET,PHI,0
WR,Jamal Agnew (40857235),Jamal Agnew,40857235,WR/FLEX,3000,ATL@NO 11/23/2025 04:25PM ET,ATL,0
WR,KhaDarel Hodge (40857241),KhaDarel Hodge,40857241,WR/FLEX,3000,ATL@NO 11/23/2025 04:25PM ET,ATL,0.68
WR,Dante Pettis (40857281),Dante Pettis,40857281,WR/FLEX,3000,ATL@NO 11/23/2025 04:25PM ET,NO,0
WR,Dylan Drummond (40857616),Dylan Drummond,40857616,WR/FLEX,3000,ATL@NO 11/23/2025 04:25PM ET,ATL,0
WR,Chris Blair (40857653),Chris Blair,40857653,WR/FLEX,3000,ATL@NO 11/23/2025 04:25PM ET,ATL,0
WR,Ronnie Bell (40857740),Ronnie Bell,40857740,WR/FLEX,3000,ATL@NO 11/23/2025 04:25PM ET,NO,0
WR,Kevin Austin Jr. (40857750),Kevin Austin Jr.,40857750,WR/FLEX,3000,ATL@NO 11/23/2025 04:25PM ET,NO,0
WR,Deven Thompkins (40857756),Deven Thompkins,40857756,WR/FLEX,3000,ATL@NO 11/23/2025 04:25PM ET,ATL,0
WR,Trey Palmer (40857778),Trey Palmer,40857778,WR/FLEX,3000,ATL@NO 11/23/2025 04:25PM ET,NO,0
WR,Nick Nash (40857818),Nick Nash,40857818,WR/FLEX,3000,ATL@NO 11/23/2025 04:25PM ET,ATL,0
WR,Bub Means (40857858),Bub Means,40857858,WR/FLEX,3000,ATL@NO 11/23/2025 04:25PM ET,NO,0
WR,Casey Washington (40857883),Casey Washington,40857883,WR/FLEX,3000,ATL@NO 11/23/2025 04:25PM ET,ATL,2.2
WR,Mason Tipton (40857933),Mason Tipton,40857933,WR/FLEX,3000,ATL@NO 11/23/2025 04:25PM ET,NO,0
WR,Ja'Lynn Polk (40857964),Ja'Lynn Polk,40857964,WR/FLEX,3000,ATL@NO 11/23/2025 04:25PM ET,NO,0
WR,Mike Evans (40857148),Mike Evans,40857148,WR/FLEX,3000,TB@LAR 11/23/2025 08:20PM ET,TB,8.5
WR,Brandon Johnson (40857399),Brandon Johnson,40857399,WR/FLEX,3000,TB@LAR 11/23/2025 08:20PM ET,TB,0
WR,Dennis Houston (40857514),Dennis Houston,40857514,WR/FLEX,3000,TB@LAR 11/23/2025 08:20PM ET,TB,0
WR,Tutu Atwell (40857587),Tutu Atwell,40857587,WR/FLEX,3000,TB@LAR 11/23/2025 08:20PM ET,LAR,4.4
WR,Ryan Miller (40857651),Ryan Miller,40857651,WR/FLEX,3000,TB@LAR 11/23/2025 08:20PM ET,TB,1.14
WR,Xavier Smith (40857766),Xavier Smith,40857766,WR/FLEX,3000,TB@LAR 11/23/2025 08:20PM ET,LAR,1.55
WR,Jordan Whittington (40857793),Jordan Whittington,40857793,WR/FLEX,3000,TB@LAR 11/23/2025 08:20PM ET,LAR,2.72
WR,Jaden Smith (40857923),Jaden Smith,40857923,WR/FLEX,3000,TB@LAR 11/23/2025 08:20PM ET,TB,0
WR,Garrett Greene (40857966),Garrett Greene,40857966,WR/FLEX,3000,TB@LAR 11/23/2025 08:20PM ET,TB,0
WR,Tyler Scott (40857970),Tyler Scott,40857970,WR/FLEX,3000,TB@LAR 11/23/2025 08:20PM ET,LAR,0
WR,Brennan Presley (40858066),Brennan Presley,40858066,WR/FLEX,3000,TB@LAR 11/23/2025 08:20PM ET,LAR,0
WR,Konata Mumpfield (40858179),Konata Mumpfield,40858179,WR/FLEX,3000,TB@LAR 11/23/2025 08:20PM ET,LAR,0.92
WR,Tru Edwards (40858209),Tru Edwards,40858209,WR/FLEX,3000,TB@LAR 11/23/2025 08:20PM ET,LAR,0
WR,Kameron Johnson (40858283),Kameron Johnson,40858283,WR/FLEX,3000,TB@LAR 11/23/2025 08:20PM ET,TB,1.75
WR,Demarcus Robinson (40857194),Demarcus Robinson,40857194,WR/FLEX,3000,CAR@SF 11/24/2025 08:15PM ET,SF,3.69
WR,Trent Taylor (40857203),Trent Taylor,40857203,WR/FLEX,3000,CAR@SF 11/24/2025 08:15PM ET,SF,0
WR,Russell Gage Jr. (40857252),Russell Gage Jr.,40857252,WR/FLEX,3000,CAR@SF 11/24/2025 08:15PM ET,SF,0
WR,Malik Turner (40857265),Malik Turner,40857265,WR/FLEX,3000,CAR@SF 11/24/2025 08:15PM ET,SF,0
WR,Hunter Renfrow (40857294),Hunter Renfrow,40857294,WR/FLEX,3000,CAR@SF 11/24/2025 08:15PM ET,CAR,5.98
WR,Dan Chisena (40857345),Dan Chisena,40857345,WR/FLEX,3000,CAR@SF 11/24/2025 08:15PM ET,CAR,0
WR,David Moore (40857492),David Moore,40857492,WR/FLEX,3000,CAR@SF 11/24/2025 08:15PM ET,CAR,0.68
WR,Brycen Tremayne (40857693),Brycen Tremayne,40857693,WR/FLEX,3000,CAR@SF 11/24/2025 08:15PM ET,CAR,2.53
WR,Skyy Moore (40857889),Skyy Moore,40857889,WR/FLEX,3000,CAR@SF 11/24/2025 08:15PM ET,SF,0.96
WR,Ainias Smith (40857911),Ainias Smith,40857911,WR/FLEX,3000,CAR@SF 11/24/2025 08:15PM ET,CAR,0
WR,Jacob Cowing (40857925),Jacob Cowing,40857925,WR/FLEX,3000,CAR@SF 11/24/2025 08:15PM ET,SF,0
WR,Jordan Watkins (40858029),Jordan Watkins,40858029,WR/FLEX,3000,CAR@SF 11/24/2025 08:15PM ET,SF,1.53
WR,Jimmy Horn Jr. (40858213),Jimmy Horn Jr.,40858213,WR/FLEX,3000,CAR@SF 11/24/2025 08:15PM ET,CAR,2.12
WR,Ja'seem Reed (40858215),Ja'seem Reed,40858215,WR/FLEX,3000,CAR@SF 11/24/2025 08:15PM ET,CAR,0
WR,Junior Bergen (40858231),Junior Bergen,40858231,WR/FLEX,3000,CAR@SF 11/24/2025 08:15PM ET,SF,0
TE,Jonnu Smith (40857217),Jonnu Smith,40857217,TE/FLEX,2900,PIT@CHI 11/23/2025 01:00PM ET,PIT,5.53
TE,Hunter Long (40857535),Hunter Long,40857535,TE/FLEX,2900,JAX@ARI 11/23/2025 04:05PM ET,JAX,4.06
DST,Browns  (40857095),Browns ,40857095,DST,2900,CLE@LV 11/23/2025 04:05PM ET,CLE,8
TE,Isaiah Likely (40857707),Isaiah Likely,40857707,TE/FLEX,2800,NYJ@BAL 11/23/2025 01:00PM ET,BAL,3.4
DST,Steelers  (40857111),Steelers ,40857111,DST,2800,PIT@CHI 11/23/2025 01:00PM ET,PIT,8.4
TE,Darnell Washington (40858017),Darnell Washington,40858017,TE/FLEX,2800,PIT@CHI 11/23/2025 01:00PM ET,PIT,4.69
DST,Rams  (40857103),Rams ,40857103,DST,2800,TB@LAR 11/23/2025 08:20PM ET,LAR,8.6
TE,Gunnar Helm (40858139),Gunnar Helm,40858139,TE/FLEX,2700,SEA@TEN 11/23/2025 01:00PM ET,TEN,5.16
DST,Cardinals  (40857110),Cardinals ,40857110,DST,2700,JAX@ARI 11/23/2025 04:05PM ET,ARI,5.5
TE,Taysom Hill (40857134),Taysom Hill,40857134,TE/FLEX,2700,ATL@NO 11/23/2025 04:25PM ET,NO,2.79
TE,Ja'Tavion Sanders (40858227),Ja'Tavion Sanders,40858227,TE/FLEX,2700,CAR@SF 11/24/2025 08:15PM ET,CAR,5.12
TE,Mike Gesicki (40857276),Mike Gesicki,40857276,TE/FLEX,2600,NE@CIN 11/23/2025 01:00PM ET,CIN,2.35
TE,Johnny Mundt (40857207),Johnny Mundt,40857207,TE/FLEX,2600,JAX@ARI 11/23/2025 04:05PM ET,JAX,1.53
DST,Cowboys  (40857096),Cowboys ,40857096,DST,2600,PHI@DAL 11/23/2025 04:25PM ET,DAL,4.8
TE,Tyler Higbee (40857152),Tyler Higbee,40857152,TE/FLEX,2600,TB@LAR 11/23/2025 08:20PM ET,LAR,5.67
DST,Panthers  (40857115),Panthers ,40857115,DST,2600,CAR@SF 11/24/2025 08:15PM ET,CAR,5.27
TE,Scotty Washington (40857355),Scotty Washington,40857355,TE/FLEX,2500,NYJ@BAL 11/23/2025 01:00PM ET,BAL,0
TE,Jelani Woods (40857453),Jelani Woods,40857453,TE/FLEX,2500,NYJ@BAL 11/23/2025 01:00PM ET,NYJ,0
TE,Stone Smartt (40857504),Stone Smartt,40857504,TE/FLEX,2500,NYJ@BAL 11/23/2025 01:00PM ET,NYJ,0
TE,Charlie Kolar (40857517),Charlie Kolar,40857517,TE/FLEX,2500,NYJ@BAL 11/23/2025 01:00PM ET,BAL,2.78
TE,Jeremy Ruckert (40857678),Jeremy Ruckert,40857678,TE/FLEX,2500,NYJ@BAL 11/23/2025 01:00PM ET,NYJ,3.19
TE,Durham Smythe (40857231),Durham Smythe,40857231,TE/FLEX,2500,PIT@CHI 11/23/2025 01:00PM ET,CHI,0.18
TE,Matt Sokol (40857258),Matt Sokol,40857258,TE/FLEX,2500,PIT@CHI 11/23/2025 01:00PM ET,PIT,0
TE,Donald Parham Jr. (40857317),Donald Parham Jr.,40857317,TE/FLEX,2500,PIT@CHI 11/23/2025 01:00PM ET,PIT,0
TE,Stephen Carlson (40857334),Stephen Carlson,40857334,TE/FLEX,2500,PIT@CHI 11/23/2025 01:00PM ET,CHI,0
TE,Connor Heyward (40857508),Connor Heyward,40857508,TE/FLEX,2500,PIT@CHI 11/23/2025 01:00PM ET,PIT,1.07
TE,Cole Kmet (40857562),Cole Kmet,40857562,TE/FLEX,2500,PIT@CHI 11/23/2025 01:00PM ET,CHI,4.58
TE,Nikola Kalinic (40857822),Nikola Kalinic,40857822,TE/FLEX,2500,PIT@CHI 11/23/2025 01:00PM ET,CHI,0
TE,Austin Hooper (40857205),Austin Hooper,40857205,TE/FLEX,2500,NE@CIN 11/23/2025 01:00PM ET,NE,3.64
TE,Drew Sample (40857283),Drew Sample,40857283,TE/FLEX,2500,NE@CIN 11/23/2025 01:00PM ET,CIN,1.34
TE,Thomas Odukoya (40857614),Thomas Odukoya,40857614,TE/FLEX,2500,NE@CIN 11/23/2025 01:00PM ET,NE,0
TE,Tanner Hudson (40857642),Tanner Hudson,40857642,TE/FLEX,2500,NE@CIN 11/23/2025 01:00PM ET,CIN,3.04
TE,Erick All Jr. (40857803),Erick All Jr.,40857803,TE/FLEX,2500,NE@CIN 11/23/2025 01:00PM ET,CIN,0
TE,William Wagner (40857921),William Wagner,40857921,TE/FLEX,2500,NE@CIN 11/23/2025 01:00PM ET,CIN,0
TE,Cam Grandy (40858097),Cam Grandy,40858097,TE/FLEX,2500,NE@CIN 11/23/2025 01:00PM ET,CIN,0.53
TE,CJ Dippre (40858153),CJ Dippre,40858153,TE/FLEX,2500,NE@CIN 11/23/2025 01:00PM ET,NE,0
TE,Chris Manhertz (40857141),Chris Manhertz,40857141,TE/FLEX,2500,NYG@DET 11/23/2025 01:00PM ET,NYG,0.16
TE,Ross Dwelley (40857237),Ross Dwelley,40857237,TE/FLEX,2500,NYG@DET 11/23/2025 01:00PM ET,DET,0
TE,Anthony Firkser (40857243),Anthony Firkser,40857243,TE/FLEX,2500,NYG@DET 11/23/2025 01:00PM ET,DET,0
TE,Daniel Bellinger (40857672),Daniel Bellinger,40857672,TE/FLEX,2500,NYG@DET 11/23/2025 01:00PM ET,NYG,3.82
TE,Sam LaPorta (40857842),Sam LaPorta,40857842,TE/FLEX,2500,NYG@DET 11/23/2025 01:00PM ET,DET,11.88
TE,Zach Davidson (40858108),Zach Davidson,40858108,TE/FLEX,2500,NYG@DET 11/23/2025 01:00PM ET,NYG,0
TE,Shane Zylstra (40858110),Shane Zylstra,40858110,TE/FLEX,2500,NYG@DET 11/23/2025 01:00PM ET,DET,0
TE,Thomas Fidone II (40858162),Thomas Fidone II,40858162,TE/FLEX,2500,NYG@DET 11/23/2025 01:00PM ET,NYG,0
TE,Zach Horton (40858195),Zach Horton,40858195,TE/FLEX,2500,NYG@DET 11/23/2025 01:00PM ET,DET,0
DST,Vikings  (40857104),Vikings ,40857104,DST,2500,MIN@GB 11/23/2025 01:00PM ET,MIN,6.3
TE,Andrew DePaola (40857120),Andrew DePaola,40857120,TE/FLEX,2500,MIN@GB 11/23/2025 01:00PM ET,MIN,0
TE,Nick Vannett (40857157),Nick Vannett,40857157,TE/FLEX,2500,MIN@GB 11/23/2025 01:00PM ET,MIN,0
TE,Josh Oliver (40857336),Josh Oliver,40857336,TE/FLEX,2500,MIN@GB 11/23/2025 01:00PM ET,MIN,2.98
TE,Josh Whyle (40857597),Josh Whyle,40857597,TE/FLEX,2500,MIN@GB 11/23/2025 01:00PM ET,GB,3.6
TE,McCallan Castles (40857726),McCallan Castles,40857726,TE/FLEX,2500,MIN@GB 11/23/2025 01:00PM ET,GB,0
TE,Ben Sims (40857738),Ben Sims,40857738,TE/FLEX,2500,MIN@GB 11/23/2025 01:00PM ET,MIN,0
TE,John FitzPatrick (40857760),John FitzPatrick,40857760,TE/FLEX,2500,MIN@GB 11/23/2025 01:00PM ET,GB,1.49
TE,Tucker Kraft (40857927),Tucker Kraft,40857927,TE/FLEX,2500,MIN@GB 11/23/2025 01:00PM ET,GB,15.4
TE,Ben Yurosek (40858009),Ben Yurosek,40858009,TE/FLEX,2500,MIN@GB 11/23/2025 01:00PM ET,MIN,0.19
TE,Drake Dabney (40858047),Drake Dabney,40858047,TE/FLEX,2500,MIN@GB 11/23/2025 01:00PM ET,GB,0
TE,Gavin Bartholomew (40858149),Gavin Bartholomew,40858149,TE/FLEX,2500,MIN@GB 11/23/2025 01:00PM ET,MIN,0
TE,Bryson Nesbit (40858191),Bryson Nesbit,40858191,TE/FLEX,2500,MIN@GB 11/23/2025 01:00PM ET,MIN,0
TE,James Winchester (40857130),James Winchester,40857130,TE/FLEX,2500,IND@KC 11/23/2025 01:00PM ET,KC,0
TE,Robert Tonyan (40857173),Robert Tonyan,40857173,TE/FLEX,2500,IND@KC 11/23/2025 01:00PM ET,KC,0.11
TE,Mo Alie-Cox (40857192),Mo Alie-Cox,40857192,TE/FLEX,2500,IND@KC 11/23/2025 01:00PM ET,IND,0.9
TE,Sean McKeon (40857367),Sean McKeon,40857367,TE/FLEX,2500,IND@KC 11/23/2025 01:00PM ET,IND,0
TE,Noah Gray (40857506),Noah Gray,40857506,TE/FLEX,2500,IND@KC 11/23/2025 01:00PM ET,KC,2.37
TE,Will Mallory (40857666),Will Mallory,40857666,TE/FLEX,2500,IND@KC 11/23/2025 01:00PM ET,IND,0
TE,Jared Wiley (40857791),Jared Wiley,40857791,TE/FLEX,2500,IND@KC 11/23/2025 01:00PM ET,KC,0
TE,Maximilian Mang (40857982),Maximilian Mang,40857982,TE/FLEX,2500,IND@KC 11/23/2025 01:00PM ET,IND,0
TE,Drew Ogletree (40858101),Drew Ogletree,40858101,TE/FLEX,2500,IND@KC 11/23/2025 01:00PM ET,IND,0
TE,Jake Briningstool (40858158),Jake Briningstool,40858158,TE/FLEX,2500,IND@KC 11/23/2025 01:00PM ET,KC,0
TE,Tre Watson (40858197),Tre Watson,40858197,TE/FLEX,2500,IND@KC 11/23/2025 01:00PM ET,KC,0
TE,Eric Saubert (40857186),Eric Saubert,40857186,TE/FLEX,2500,SEA@TEN 11/23/2025 01:00PM ET,SEA,0.31
TE,Joel Wilson (40857684),Joel Wilson,40857684,TE/FLEX,2500,SEA@TEN 11/23/2025 01:00PM ET,TEN,0
TE,David Martin-Robinson (40857699),David Martin-Robinson,40857699,TE/FLEX,2500,SEA@TEN 11/23/2025 01:00PM ET,TEN,0.71
TE,Nick Kallerup (40857805),Nick Kallerup,40857805,TE/FLEX,2500,SEA@TEN 11/23/2025 01:00PM ET,SEA,0
TE,Marshall Lang (40858023),Marshall Lang,40858023,TE/FLEX,2500,SEA@TEN 11/23/2025 01:00PM ET,SEA,0
TE,Elijah Arroyo (40858147),Elijah Arroyo,40858147,TE/FLEX,2500,SEA@TEN 11/23/2025 01:00PM ET,SEA,3.64
TE,Pharaoh Brown (40857175),Pharaoh Brown,40857175,TE/FLEX,2500,JAX@ARI 11/23/2025 04:05PM ET,ARI,0
TE,Jordan Akins (40857289),Jordan Akins,40857289,TE/FLEX,2500,JAX@ARI 11/23/2025 04:05PM ET,JAX,0
TE,Josiah Deguara (40857305),Josiah Deguara,40857305,TE/FLEX,2500,JAX@ARI 11/23/2025 04:05PM ET,ARI,0
TE,Quintin Morris (40857527),Quintin Morris,40857527,TE/FLEX,2500,JAX@ARI 11/23/2025 04:05PM ET,JAX,0.3
TE,Travis Vokolek (40857574),Travis Vokolek,40857574,TE/FLEX,2500,JAX@ARI 11/23/2025 04:05PM ET,ARI,0
TE,Messiah Swinson (40857701),Messiah Swinson,40857701,TE/FLEX,2500,JAX@ARI 11/23/2025 04:05PM ET,ARI,0
TE,Elijah Higgins (40857783),Elijah Higgins,40857783,TE/FLEX,2500,JAX@ARI 11/23/2025 04:05PM ET,ARI,3.12
TE,Patrick Herbert (40857838),Patrick Herbert,40857838,TE/FLEX,2500,JAX@ARI 11/23/2025 04:05PM ET,JAX,0
TE,Tip Reiman (40858068),Tip Reiman,40858068,TE/FLEX,2500,JAX@ARI 11/23/2025 04:05PM ET,ARI,1.2
TE,Albert Okwuegbunam Jr. (40857391),Albert Okwuegbunam Jr.,40857391,TE/FLEX,2500,CLE@LV 11/23/2025 04:05PM ET,LV,8.6
TE,Ian Thomas (40857425),Ian Thomas,40857425,TE/FLEX,2500,CLE@LV 11/23/2025 04:05PM ET,LV,1.13
TE,Sal Cannella (40857470),Sal Cannella,40857470,TE/FLEX,2500,CLE@LV 11/23/2025 04:05PM ET,CLE,0
TE,Blake Whiteheart (40857622),Blake Whiteheart,40857622,TE/FLEX,2500,CLE@LV 11/23/2025 04:05PM ET,CLE,0.24
TE,Brenden Bates (40857634),Brenden Bates,40857634,TE/FLEX,2500,CLE@LV 11/23/2025 04:05PM ET,CLE,1.08
TE,Caden Prieskorn (40857978),Caden Prieskorn,40857978,TE/FLEX,2500,CLE@LV 11/23/2025 04:05PM ET,CLE,0
TE,Carter Runyon (40858294),Carter Runyon,40858294,TE/FLEX,2500,CLE@LV 11/23/2025 04:05PM ET,LV,0.22
TE,Kylen Granson (40857397),Kylen Granson,40857397,TE/FLEX,2500,PHI@DAL 11/23/2025 04:25PM ET,PHI,0.4
TE,Grant Calcaterra (40857457),Grant Calcaterra,40857457,TE/FLEX,2500,PHI@DAL 11/23/2025 04:25PM ET,PHI,1
TE,E.J. Jenkins (40857498),E.J. Jenkins,40857498,TE/FLEX,2500,PHI@DAL 11/23/2025 04:25PM ET,PHI,0
TE,Princeton Fant (40857525),Princeton Fant,40857525,TE/FLEX,2500,PHI@DAL 11/23/2025 04:25PM ET,DAL,0
TE,Cal Adomitis (40857540),Cal Adomitis,40857540,TE/FLEX,2500,PHI@DAL 11/23/2025 04:25PM ET,PHI,0
TE,Brevyn Spann-Ford (40857610),Brevyn Spann-Ford,40857610,TE/FLEX,2500,PHI@DAL 11/23/2025 04:25PM ET,DAL,0.58
TE,John Stephens Jr. (40857638),John Stephens Jr.,40857638,TE/FLEX,2500,PHI@DAL 11/23/2025 04:25PM ET,DAL,0
TE,Cameron Latu (40857714),Cameron Latu,40857714,TE/FLEX,2500,PHI@DAL 11/23/2025 04:25PM ET,PHI,0
TE,Luke Schoonmaker (40857742),Luke Schoonmaker,40857742,TE/FLEX,2500,PHI@DAL 11/23/2025 04:25PM ET,DAL,1.43
TE,Rivaldo Fairweather (40858037),Rivaldo Fairweather,40858037,TE/FLEX,2500,PHI@DAL 11/23/2025 04:25PM ET,DAL,0
DST,Saints  (40857106),Saints ,40857106,DST,2500,ATL@NO 11/23/2025 04:25PM ET,NO,5.6
TE,Zach Wood (40857161),Zach Wood,40857161,TE/FLEX,2500,ATL@NO 11/23/2025 04:25PM ET,NO,0
TE,Foster Moreau (40857296),Foster Moreau,40857296,TE/FLEX,2500,ATL@NO 11/23/2025 04:25PM ET,NO,0.92
TE,Feleipe Franks (40857363),Feleipe Franks,40857363,TE/FLEX,2500,ATL@NO 11/23/2025 04:25PM ET,ATL,0.02
TE,Jack Stoll (40857375),Jack Stoll,40857375,TE/FLEX,2500,ATL@NO 11/23/2025 04:25PM ET,NO,1.31
TE,Charlie Woerner (40857401),Charlie Woerner,40857401,TE/FLEX,2500,ATL@NO 11/23/2025 04:25PM ET,ATL,0.29
TE,Teagan Quitoriano (40857734),Teagan Quitoriano,40857734,TE/FLEX,2500,ATL@NO 11/23/2025 04:25PM ET,ATL,0
TE,Joshua Simon (40857826),Joshua Simon,40857826,TE/FLEX,2500,ATL@NO 11/23/2025 04:25PM ET,ATL,0
TE,Treyton Welch (40857864),Treyton Welch,40857864,TE/FLEX,2500,ATL@NO 11/23/2025 04:25PM ET,NO,0
TE,Moliki Matavao (40858132),Moliki Matavao,40858132,TE/FLEX,2500,ATL@NO 11/23/2025 04:25PM ET,NO,0
TE,Zaire Mitchell-Paden (40858177),Zaire Mitchell-Paden,40858177,TE/FLEX,2500,ATL@NO 11/23/2025 04:25PM ET,NO,0.53
TE,Mason Pline (40858292),Mason Pline,40858292,TE/FLEX,2500,ATL@NO 11/23/2025 04:25PM ET,NO,0
TE,Ko Kieft (40857371),Ko Kieft,40857371,TE/FLEX,2500,TB@LAR 11/23/2025 08:20PM ET,TB,0
TE,Nick Muse (40857488),Nick Muse,40857488,TE/FLEX,2500,TB@LAR 11/23/2025 08:20PM ET,LAR,0
TE,Colby Parkinson (40857531),Colby Parkinson,40857531,TE/FLEX,2500,TB@LAR 11/23/2025 08:20PM ET,LAR,4.79
TE,Tanner Taula (40857538),Tanner Taula,40857538,TE/FLEX,2500,TB@LAR 11/23/2025 08:20PM ET,TB,0
TE,Devin Culp (40857600),Devin Culp,40857600,TE/FLEX,2500,TB@LAR 11/23/2025 08:20PM ET,TB,0
TE,Evan Deckers (40857655),Evan Deckers,40857655,TE/FLEX,2500,TB@LAR 11/23/2025 08:20PM ET,TB,0
TE,Payne Durham (40857746),Payne Durham,40857746,TE/FLEX,2500,TB@LAR 11/23/2025 08:20PM ET,TB,0
TE,Davis Allen (40857776),Davis Allen,40857776,TE/FLEX,2500,TB@LAR 11/23/2025 08:20PM ET,LAR,4.14
TE,Mark Redman (40857957),Mark Redman,40857957,TE/FLEX,2500,TB@LAR 11/23/2025 08:20PM ET,LAR,0
TE,Terrance Ferguson (40858134),Terrance Ferguson,40858134,TE/FLEX,2500,TB@LAR 11/23/2025 08:20PM ET,LAR,3.1
TE,Luke Farrell (40857435),Luke Farrell,40857435,TE/FLEX,2500,CAR@SF 11/24/2025 08:15PM ET,SF,2.66
TE,Jake Tonges (40857576),Jake Tonges,40857576,TE/FLEX,2500,CAR@SF 11/24/2025 08:15PM ET,SF,6.6
TE,James Mitchell (40857697),James Mitchell,40857697,TE/FLEX,2500,CAR@SF 11/24/2025 08:15PM ET,CAR,1.93
TE,Brayden Willis (40857709),Brayden Willis,40857709,TE/FLEX,2500,CAR@SF 11/24/2025 08:15PM ET,SF,0
TE,Tommy Tremble (40857752),Tommy Tremble,40857752,TE/FLEX,2500,CAR@SF 11/24/2025 08:15PM ET,CAR,3.94
TE,Mitchell Evans (40858181),Mitchell Evans,40858181,TE/FLEX,2500,CAR@SF 11/24/2025 08:15PM ET,CAR,3.16
TE,Bryce Pierre (40858255),Bryce Pierre,40858255,TE/FLEX,2500,CAR@SF 11/24/2025 08:15PM ET,CAR,0
DST,Colts  (40857100),Colts ,40857100,DST,2400,IND@KC 11/23/2025 01:00PM ET,IND,7.9
DST,Buccaneers  (40857114),Buccaneers ,40857114,DST,2400,TB@LAR 11/23/2025 08:20PM ET,TB,7.2
DST,Titans  (40857099),Titans ,40857099,DST,2300,SEA@TEN 11/23/2025 01:00PM ET,TEN,5.4
DST,Bengals  (40857094),Bengals ,40857094,DST,2200,NE@CIN 11/23/2025 01:00PM ET,CIN,2.3
DST,Giants  (40857107),Giants ,40857107,DST,2100,NYG@DET 11/23/2025 01:00PM ET,NYG,2.54
DST,Jets  (40857108),Jets ,40857108,DST,2000,NYJ@BAL 11/23/2025 01:00PM ET,NYJ,4.1
